{"width": 376.20000000000005, "height": 20, "dataStrings": ["M7.4 6.699999999999999H11.94V6.199999999999999H0.32V6.699999999999999H4.84V20.0H7.4Z", "M15.74 20.0V13.96C15.74 12.879999999999999 16.04 12.26 16.4 11.879999999999999C16.82 11.44 17.42 11.16 18.12 11.16C19.16 11.16 19.54 11.62 19.54 12.58V20.0H21.94V12.82C21.94 11.86 21.5 11.299999999999999 20.9 10.959999999999999C20.4 10.68 19.740000000000002 10.58 18.84 10.58C17.38 10.58 16.240000000000002 11.14 15.76 12.16H15.7V5.199999999999999H13.34V20.0Z", "M32.519999999999996 17.52 32.08 17.42C31.759999999999998 18.74 30.84 19.7 28.96 19.7C26.62 19.7 26.08 17.68 26.08 15.379999999999999C26.08 15.1 26.1 14.82 26.1 14.54H32.26C32.26 11.959999999999999 30.58 10.56 28.240000000000002 10.56C25.54 10.56 23.6 12.86 23.6 15.379999999999999C23.6 17.86 25.46 20.18 28.66 20.18C30.72 20.18 32.14 19.22 32.519999999999996 17.52ZM28.240000000000002 10.98C29.52 10.98 30.08 11.82 30.08 14.120000000000001H26.14C26.32 12.16 26.96 10.98 28.240000000000002 10.98Z", "M44.92 25.2H47.3V10.76H46.92L45.54 12.2H45.46C45.0 11.32 44.06 10.58 42.519999999999996 10.58C40.46 10.58 37.64 11.94 37.64 15.379999999999999C37.64 18.22 39.56 20.18 41.98 20.18C43.46 20.18 44.54 19.42 44.879999999999995 18.74H44.92ZM42.62 11.04C43.78 11.04 44.9 11.64 44.9 13.48V17.48C44.74 18.98 43.44 19.62 42.54 19.62C40.86 19.62 40.12 18.42 40.12 15.379999999999999C40.12 12.280000000000001 41.1 11.04 42.62 11.04Z", "M55.62 10.76V16.84C55.62 17.92 55.31999999999999 18.52 54.94 18.92C54.519999999999996 19.32 53.94 19.6 53.26 19.6C52.26 19.6 51.839999999999996 19.14 51.839999999999996 18.16V10.76H49.44V17.9C49.44 18.84 49.879999999999995 19.46 50.49999999999999 19.8C50.99999999999999 20.08 51.66 20.18 52.53999999999999 20.18C53.99999999999999 20.18 55.12 19.62 55.599999999999994 18.64H55.63999999999999V20.0H58.019999999999996V10.76Z", "M62.739999999999995 7.279999999999999C62.739999999999995 6.52 62.16 5.98 61.44 5.98C60.699999999999996 5.98 60.13999999999999 6.52 60.13999999999999 7.279999999999999C60.13999999999999 8.04 60.699999999999996 8.58 61.44 8.58C62.16 8.58 62.739999999999995 8.04 62.739999999999995 7.279999999999999ZM62.66 20.0V10.76H60.239999999999995V20.0Z", "M69.39999999999999 10.58C66.3 10.58 64.38 12.86 64.38 15.379999999999999C64.38 17.98 66.28 20.18 69.14 20.18C71.22 20.18 72.74 19.36 73.38 17.18L72.96 17.1C72.38 19.0 71.05999999999999 19.64 69.8 19.64C67.55999999999999 19.64 66.86 17.66 66.86 15.379999999999999C66.86 12.84 67.83999999999999 11.02 69.66 11.02C71.24 11.02 72.13999999999999 11.879999999999999 72.61999999999999 13.04L73.03999999999999 12.879999999999999C72.5 11.54 71.47999999999999 10.58 69.39999999999999 10.58Z", "M82.32 10.76H81.69999999999999L77.19999999999999 15.120000000000001H77.16V5.199999999999999H74.75999999999999V20.0H77.16V15.64L77.38 15.44C77.61999999999999 15.2 77.89999999999999 15.02 78.35999999999999 15.02C79.5 15.02 79.58 16.16 79.97999999999999 17.72C80.3 18.94 80.69999999999999 19.62 81.19999999999999 20.0H83.74C83.19999999999999 19.66 82.55999999999999 17.86 82.33999999999999 17.18C81.91999999999999 15.780000000000001 81.0 14.620000000000001 78.89999999999999 14.620000000000001C78.66 14.620000000000001 78.39999999999999 14.66 78.19999999999999 14.719999999999999V14.68Z", "M88.73999999999998 20.0H90.65999999999998L91.01999999999998 18.58H91.05999999999999C91.25999999999999 18.96 91.59999999999998 19.4 92.03999999999999 19.68C92.49999999999999 20.0 93.11999999999999 20.18 93.83999999999999 20.18C96.37999999999998 20.18 98.57999999999998 18.22 98.57999999999998 15.379999999999999C98.57999999999998 12.280000000000001 96.47999999999999 10.58 94.23999999999998 10.58C92.77999999999999 10.58 91.63999999999999 11.24 91.15999999999998 12.34H91.11999999999999V5.199999999999999H88.73999999999998ZM91.15999999999998 13.84C91.15999999999998 12.92 91.49999999999999 12.26 91.95999999999998 11.86C92.49999999999999 11.34 93.19999999999999 11.14 93.75999999999999 11.14C95.32 11.14 96.1 12.32 96.1 15.379999999999999C96.1 18.38 95.25999999999999 19.72 93.63999999999999 19.72C92.41999999999999 19.72 91.15999999999998 18.76 91.15999999999998 17.34Z", "M100.27999999999999 20.0H102.67999999999999V13.899999999999999C102.67999999999999 13.24 102.86 12.58 103.13999999999999 12.14C103.44 11.66 104.02 11.02 104.91999999999999 11.02C105.74 11.02 106.11999999999999 11.36 106.32 12.120000000000001L106.75999999999999 12.0C106.61999999999999 11.16 106.08 10.58 104.94 10.58C103.97999999999999 10.58 103.03999999999999 11.18 102.67999999999999 12.120000000000001H102.61999999999999V10.76H100.27999999999999Z", "M112.58 10.56C110.03999999999999 10.56 107.55999999999999 12.42 107.55999999999999 15.379999999999999C107.55999999999999 18.32 110.03999999999999 20.18 112.58 20.18C115.11999999999999 20.18 117.6 18.32 117.6 15.379999999999999C117.6 12.42 115.11999999999999 10.56 112.58 10.56ZM112.58 10.98C114.3 10.98 115.11999999999999 12.719999999999999 115.11999999999999 15.379999999999999C115.11999999999999 18.04 114.3 19.76 112.58 19.76C110.83999999999999 19.76 110.03999999999999 18.04 110.03999999999999 15.379999999999999C110.03999999999999 12.719999999999999 110.83999999999999 10.98 112.58 10.98Z", "M127.61999999999999 20.08H128.11999999999998L131.73999999999998 10.76H131.26L128.79999999999998 17.16H128.76L126.13999999999999 10.76H125.69999999999999L123.13999999999999 17.16H123.1L120.83999999999999 10.76H118.46L121.96 20.08H122.43999999999998L125.03999999999999 13.559999999999999H125.07999999999998Z", "M135.42 20.0V13.96C135.42 12.879999999999999 135.72 12.26 136.1 11.879999999999999C136.5 11.44 137.1 11.16 137.79999999999998 11.16C138.83999999999997 11.16 139.22 11.62 139.22 12.58V20.0H141.61999999999998V12.82C141.61999999999998 11.86 141.17999999999998 11.28 140.56 10.959999999999999C140.06 10.68 139.42 10.58 138.51999999999998 10.58C137.05999999999997 10.58 135.92 11.14 135.44 12.18H135.38V10.76H133.01999999999998V20.0Z", "M150.74 11.18H153.06V10.76H150.74V7.379999999999999C150.74 6.0600000000000005 151.56 5.6 152.7 5.6C154.04 5.6 154.64 6.119999999999999 155.01999999999998 6.779999999999999L155.4 6.52C155.01999999999998 5.84 154.34 5.18 152.62 5.18C151.64 5.18 150.57999999999998 5.379999999999999 149.76 5.9C148.94 6.42 148.34 7.26 148.34 8.42V10.76H147.06V11.18H148.34V20.0H150.74Z", "M158.8 10.56C156.26000000000002 10.56 153.78 12.42 153.78 15.379999999999999C153.78 18.32 156.26000000000002 20.18 158.8 20.18C161.34 20.18 163.82 18.32 163.82 15.379999999999999C163.82 12.42 161.34 10.56 158.8 10.56ZM158.8 10.98C160.52 10.98 161.34 12.719999999999999 161.34 15.379999999999999C161.34 18.04 160.52 19.76 158.8 19.76C157.06 19.76 156.26000000000002 18.04 156.26000000000002 15.379999999999999C156.26000000000002 12.719999999999999 157.06 10.98 158.8 10.98Z", "M168.22000000000003 16.2H168.28000000000003L170.76000000000002 20.0H173.34L169.94000000000003 14.74L172.92000000000002 10.76H172.38000000000002L169.68 14.36H169.66000000000003L167.34 10.76H164.74L167.96 15.8L164.74 20.0H165.28000000000003Z", "M181.3 7.279999999999999C181.3 6.52 180.72000000000003 5.98 180.00000000000003 5.98C179.28000000000003 5.98 178.70000000000002 6.52 178.70000000000002 7.279999999999999C178.70000000000002 8.04 179.28000000000003 8.58 180.00000000000003 8.58C180.72000000000003 8.58 181.3 8.04 181.3 7.279999999999999ZM178.8 10.76V22.96C178.8 24.18 178.26000000000002 24.64 177.36 24.64C176.16000000000003 24.64 175.52000000000004 24.12 175.22000000000003 23.44L174.82000000000002 23.68C175.18000000000004 24.52 176.06000000000003 25.060000000000002 177.40000000000003 25.060000000000002C178.46000000000004 25.060000000000002 179.34000000000003 24.84 179.96000000000004 24.38C180.76000000000002 23.8 181.20000000000002 22.88 181.20000000000002 21.54V10.76Z", "M189.56000000000003 10.76V16.84C189.56000000000003 17.92 189.26000000000002 18.52 188.88000000000002 18.92C188.46000000000004 19.32 187.88000000000002 19.6 187.20000000000002 19.6C186.20000000000002 19.6 185.78000000000003 19.14 