{"width": 350.6199999999999, "height": 20, "dataStrings": ["M6.7 20.0V5.879999999999999H12.120000000000001V5.5600000000000005H0.36V5.879999999999999H5.76V20.0Z", "M21.6 20.0V12.559999999999999C21.6 11.16 20.700000000000003 10.5 18.82 10.5C17.26 10.5 15.600000000000001 11.5 14.84 12.2H14.760000000000002V5.1L13.82 5.140000000000001V20.0H14.780000000000001V12.58C15.68 11.68 17.3 10.86 18.54 10.86C20.12 10.86 20.68 11.5 20.68 12.52V20.0Z", "M27.94 10.76C30.18 10.76 30.8 11.86 30.8 13.84H24.680000000000003C25.060000000000002 11.8 26.3 10.76 27.94 10.76ZM31.700000000000003 18.94V18.6C31.020000000000003 19.26 29.900000000000002 19.88 28.340000000000003 19.88C25.900000000000002 19.88 24.540000000000003 18.12 24.540000000000003 15.36C24.540000000000003 14.899999999999999 24.580000000000002 14.48 24.62 14.1H31.700000000000003C31.720000000000002 14.0 31.720000000000002 13.899999999999999 31.720000000000002 13.84C31.720000000000002 11.8 30.540000000000003 10.5 27.94 10.5C25.64 10.5 23.560000000000002 12.3 23.560000000000002 15.36C23.560000000000002 18.42 25.520000000000003 20.2 28.3 20.2C30.0 20.2 31.160000000000004 19.48 31.700000000000003 18.94Z", "M36.6 15.36C36.6 18.54 38.540000000000006 20.2 41.18000000000001 20.2C42.50000000000001 20.2 43.7 19.52 44.220000000000006 18.88H44.260000000000005V24.62H45.160000000000004V10.7H44.42L44.34 11.62H44.260000000000005C43.7 11.02 42.580000000000005 10.5 41.36000000000001 10.5C38.900000000000006 10.5 36.6 12.02 36.6 15.36ZM37.6 15.36C37.6 12.18 39.32000000000001 10.82 41.38 10.82C42.52 10.82 43.580000000000005 11.299999999999999 44.220000000000006 11.98V18.48C43.64 19.24 42.440000000000005 19.86 41.260000000000005 19.86C39.02 19.86 37.6 18.28 37.6 15.36Z", "M47.8 10.7V17.92C47.8 19.4 48.76 20.2 50.64 20.2C52.38 20.2 53.84 19.18 54.58 18.48H54.66V20.0H55.56V10.66L54.620000000000005 10.7V18.08C53.76 18.96 52.32 19.84 50.9 19.84C49.4 19.84 48.74 19.18 48.74 18.02V10.66Z", "M59.3 7.9C59.3 7.6 59.06 7.34 58.72 7.34C58.4 7.34 58.14 7.6 58.14 7.9C58.14 8.22 58.4 8.48 58.72 8.48C59.06 8.48 59.3 8.22 59.3 7.9ZM59.199999999999996 20.0V10.68L58.24 10.72V20.0Z", "M61.13999999999999 15.32C61.13999999999999 18.38 63.16 20.2 65.89999999999999 20.2C67.61999999999999 20.2 68.72 19.54 69.24 19.06V18.7C68.6 19.24 67.67999999999999 19.88 66.0 19.88C63.63999999999999 19.88 62.13999999999999 18.12 62.13999999999999 15.32C62.13999999999999 12.54 63.8 10.799999999999999 65.96 10.799999999999999C67.5 10.799999999999999 68.32 11.26 68.94 11.78V11.32C68.36 10.92 67.56 10.5 65.92 10.5C63.559999999999995 10.5 61.13999999999999 12.24 61.13999999999999 15.32Z", "M77.52 20.0H78.6L74.16 14.620000000000001L77.83999999999999 10.7H77.3L72.11999999999999 16.28V5.1L71.16 5.119999999999999V20.0H72.11999999999999V16.8L73.53999999999999 15.280000000000001Z", "M92.3 15.34C92.3 11.84 90.36 10.5 87.86 10.5C86.53999999999999 10.5 85.25999999999999 11.16 84.6 11.8H84.53999999999999V5.1L83.58 5.140000000000001V19.22C84.72 19.9 86.08 20.2 87.14 20.2C90.24 20.2 92.3 18.52 92.3 15.34ZM91.3 15.34C91.3 18.16 90.0 19.92 87.14 19.92C86.44 19.92 85.3 19.74 84.53999999999999 19.24V12.18C85.24 11.5 86.44 10.82 87.72 10.82C89.89999999999999 10.82 91.3 12.18 91.3 15.34Z", "M94.21999999999998 10.72V20.0H95.16V12.7C95.83999999999999 11.66 96.75999999999999 11.04 97.74 11.04C98.11999999999999 11.04 98.52 11.1 98.75999999999999 11.24V10.6C98.55999999999999 10.52 98.35999999999999 10.5 97.97999999999999 10.5C96.82 10.5 95.8 11.299999999999999 95.19999999999999 12.280000000000001H95.11999999999999V10.7Z", "M99.58 15.34C99.58 18.4 101.75999999999999 20.2 104.32 20.2C106.86 20.2 109.03999999999999 18.4 109.03999999999999 15.34C109.03999999999999 12.3 106.86 10.5 104.32 10.5C101.75999999999999 10.5 99.58 12.3 99.58 15.34ZM108.05999999999999 15.34C108.05999999999999 18.28 106.46 19.92 104.32 19.92C102.16 19.92 100.58 18.28 100.58 15.34C100.58 12.42 102.16 10.78 104.32 10.78C106.46 10.78 108.05999999999999 12.42 108.05999999999999 15.34Z", "M116.28 12.0H116.32L119.02 20.0H119.75999999999999L122.82 10.7H122.38L119.67999999999999 19.02H119.62L116.86 10.7H116.3L113.52 19.02H113.44L110.92 10.7H109.92L112.86 20.0H113.58Z", "M132.14 20.0V12.58C132.14 11.18 131.29999999999998 10.5 129.42 10.5C127.88 10.5 126.11999999999999 11.5 125.36 12.2H125.25999999999999V10.68L124.36 10.72V20.0H125.32V12.54C126.24 11.68 127.84 10.879999999999999 129.07999999999998 10.879999999999999C130.56 10.879999999999999 131.2 11.44 131.2 12.46V20.0Z", "M139.1 11.0V20.0H140.04V11.0H142.7V10.7H140.04V7.379999999999999C140.04 6.039999999999999 140.89999999999998 5.379999999999999 142.21999999999997 5.379999999999999C143.1 5.379999999999999 143.82 5.6 144.14 5.76V5.42C143.88 5.299999999999999 143.11999999999998 5.1 142.17999999999998 5.1C140.23999999999998 5.1 139.1 6.140000000000001 139.1 7.699999999999999V10.7L137.51999999999998 10.799999999999999V11.0Z", "M143.44 15.34C143.44 18.4 145.62 20.2 148.18 20.2C150.72 20.2 152.9 18.4 152.9 15.34C152.9 12.3 150.72 10.5 148.18 10.5C145.62 10.5 143.44 12.3 143.44 15.34ZM151.92 15.34C151.92 18.28 150.32 19.92 148.18 19.92C146.01999999999998 19.92 144.44 18.28 144.44 15.34C144.44 12.42 146.01999999999998 10.78 148.18 10.78C150.32 10.78 151.92 12.42 151.92 15.34Z", "M160.77999999999997 20.0H161.83999999999997L158.27999999999997 15.120000000000001L161.61999999999998 10.7H161.14L158.05999999999997 14.84L155.04 10.7H153.98L157.43999999999997 15.44L153.99999999999997 20.0H154.45999999999998L157.65999999999997 15.74Z", "M168.29999999999995 7.9C168.29999999999995 7.6 168.05999999999995 7.34 167.71999999999997 7.34C167.39999999999995 7.34 167.13999999999996 7.6 167.13999999999996 7.9C167.13999999999996 8.22 167.39999999999995 8.48 167.71999999999997 8.48C168.05999999999995 8.48 168.29999999999995 8.22 168.29999999999995 7.9ZM167.25999999999996 21.94C167.25999999999996 23.8 166.39999999999995 24.38 165.19999999999996 24.38C164.37999999999997 24.38 163.77999999999997 24.1 163.35999999999996 23.88V24.3C163.81999999999996 24.52 164.43999999999997 24.7 165.25999999999996 24.7C166.89999999999995 24.7 168.19999999999996 23.86 168.19999999999996 21.46V10.68L167.25999999999996 10.72Z", "M170.83999999999997 10.7V17.92C170.83999999999997 19.4 171.79999999999995 20.2 173.67999999999995 20.2C175.41999999999996 20.2 176.87999999999997 19.18 177.61999999999998 18.48H177.69999999999996V20.0H178.59999999999997V10.66L177.65999999999997 10.7V18.08C176.79999999999995 18.96 175.35999999999996 19.84 173.93999999999997 19.84C172.43999999999997 19.84 171.77999999999997 19.18 171.77999999999997 18.02V10.66Z", "M182.21999999999997 12.58C183.05999999999997 11.74 184.45999999999998 10.9 185.69999999999996 10.9C187.13999999999996 10.9 187.77999999999997 11.459999999999999 187.77999999999997 12.48V20.0H188.71999999999997V12.6C189.55999999999997 11.76 190.93999999999997 10.9 192.17999999999998 10.9C193.63999999999996 10.9 194.29999999999995 11.459999999999999 194.29999999999995 12.5V20.0H195.21999999999997V12.559999999999999C195.21999999999997 11.22 194.29999999999995 10.5 192.41999999999996 10.5C190.93999999999997 10.5 189.53999999999996 11.42 188.73999999999998 12.2H188.69999999999996C188.51999999999998 11.0 187.53999999999996 10.5 185.91999999999996 10.5C184.43999999999997 10.5 183.03999999999996 11.42 182.25999999999996 12.2H182.17999999999998V10.68L181.27999999999997 10.72V20.0H182.21999999999997Z", "M201.43999999999997 19.88C200.49999999999997 19.88 199.47999999999996 19.48 198.75999999999996 18.94V12.219999999999999C199.41999999999996 11.58 200.63999999999996 10.86 201.99999999999997 10.86C204.09999999999997 10.86 205.53999999999996 12.14 205.53999999999996 15.34C205.53999999999996 18.2 204.15999999999997 19.88 201.43999999999997 19.88ZM198.75999999999996 24.62V19.34C199.45999999999998 19.8 200.57999999999998 20.2 201.47999999999996 20.2C204.55999999999997 20.2 206.51999999999998 18.52 206.51999999999998 15.34C206.51999999999998 11.84 204.64 10.5 202.15999999999997 10.5C200.85999999999999 10.5 199.45999999999998 