{"width": 406.7199999999999, "height": 20, "dataStrings": ["M5.12 20.0H6.3V6.92H11.24V5.859999999999999H0.18V6.92H5.12Z", "M13.2 20.0H14.3V11.36C15.1 10.799999999999999 16.62 9.82 17.96 9.82C20.2 9.82 20.439999999999998 11.22 20.439999999999998 13.219999999999999V20.0H21.46V12.899999999999999C21.46 11.18 21.34 8.82 18.18 8.82C16.44 8.82 15.08 9.799999999999999 14.3 10.36V4.92H13.2Z", "M29.3 20.24C30.740000000000002 20.24 31.86 19.98 32.58 19.66L32.36 18.7C31.52 19.02 30.58 19.22 29.78 19.22C27.36 19.22 25.56 18.6 25.48 14.64H32.72V14.24C32.72 10.54 31.46 8.799999999999999 28.96 8.799999999999999C26.36 8.799999999999999 24.34 10.56 24.34 14.74C24.34 18.88 26.240000000000002 20.24 29.3 20.24ZM25.48 13.719999999999999C25.7 11.02 27.0 9.74 28.78 9.74C30.68 9.74 31.54 11.28 31.54 13.719999999999999Z", "M47.78 24.4H48.88V9.459999999999999C48.02 9.08 46.86 8.799999999999999 45.42 8.799999999999999C42.72 8.799999999999999 40.44 10.84 40.44 14.5C40.44 19.3 42.88 20.22 44.94 20.22C46.06 20.22 46.980000000000004 19.98 47.78 19.56ZM45.0 19.26C42.88 19.26 41.54 17.84 41.54 14.559999999999999C41.54 12.16 42.54 9.76 45.38 9.76C46.54 9.76 47.2 9.94 47.78 10.2V18.5C47.260000000000005 18.84 46.260000000000005 19.26 45.0 19.26Z", "M55.480000000000004 20.24C57.300000000000004 20.24 58.38 19.46 59.46 18.68V20.0H60.5V9.08H59.46V17.62C58.54 18.3 57.160000000000004 19.18 55.68 19.18C53.46 19.18 53.4 17.54 53.4 15.76V9.08H52.300000000000004V16.1C52.300000000000004 17.8 52.5 20.24 55.480000000000004 20.24Z", "M64.06 20.0H65.2V9.08H64.06ZM64.6 6.799999999999999 65.7 5.699999999999999 64.6 4.619999999999999 63.54 5.699999999999999Z", "M73.48 20.24C74.58 20.24 75.42 20.0 75.88000000000001 19.82L75.68 18.88C75.28 19.0 74.5 19.22 73.64 19.22C70.34 19.22 69.28 17.68 69.28 14.48C69.28 11.58 70.68 9.82 72.94 9.82C74.18 9.82 74.98 10.16 75.48 10.379999999999999L75.86 9.44C75.38000000000001 9.18 74.48 8.799999999999999 73.02000000000001 8.799999999999999C70.06 8.799999999999999 68.14 10.98 68.14 14.559999999999999C68.14 18.52 69.8 20.24 73.48 20.24Z", "M86.48 20.14 86.80000000000001 19.32C86.32000000000001 19.18 85.22000000000001 18.54 84.16000000000001 17.22L81.74000000000001 14.2L86.56 9.08H85.20000000000002L80.42000000000002 14.219999999999999L83.56 18.14C84.96000000000001 19.88 86.00000000000001 20.1 86.48 20.14ZM78.52000000000001 20.0H79.62V4.92H78.52000000000001Z", "M97.86000000000001 20.24C100.48000000000002 20.24 102.88000000000001 18.62 102.88000000000001 14.1C102.88000000000001 10.9 101.36000000000001 8.9 98.64000000000001 8.9C97.9 8.9 97.32000000000001 9.0 97.08000000000001 9.12L97.26000000000002 10.0C97.58000000000001 9.92 98.04 9.86 98.44000000000001 9.86C101.28000000000002 9.86 101.74000000000001 12.219999999999999 101.74000000000001 14.5C101.74000000000001 17.06 100.48000000000002 19.24 97.92000000000002 19.24C96.80000000000001 19.24 95.94000000000001 19.04 95.4 18.9V4.92H94.30000000000001V19.68C95.20000000000002 20.0 96.12000000000002 20.24 97.86000000000001 20.24Z", "M105.84000000000002 20.0H106.94000000000001V11.8C107.48000000000002 10.9 108.48000000000002 9.84 109.90000000000002 9.84C110.54000000000002 9.84 110.88000000000002 9.92 111.14000000000001 9.98L111.36000000000001 9.02C111.24000000000001 8.98 110.80000000000001 8.84 110.14000000000001 8.84C108.54000000000002 8.84 107.42000000000002 9.68 106.94000000000001 10.54V9.08H105.84000000000002Z", "M117.32000000000002 20.24C120.04000000000002 20.24 122.08000000000003 18.4 122.08000000000003 14.54C122.08000000000003 10.86 120.52000000000002 8.799999999999999 117.44000000000003 8.799999999999999C114.68000000000002 8.799999999999999 112.62000000000002 10.84 112.62000000000002 14.66C112.62000000000002 18.28 114.44000000000003 20.24 117.32000000000002 20.24ZM117.42000000000002 19.3C114.62000000000002 19.3 113.76000000000002 16.94 113.76000000000002 14.559999999999999C113.76000000000002 12.42 114.52000000000002 9.74 117.38000000000002 9.74C120.30000000000003 9.74 120.96000000000002 12.46 120.96000000000002 14.54C120.96000000000002 16.8 120.26000000000002 19.3 117.42000000000002 19.3Z", "M127.22000000000003 20.0H128.82000000000002L131.62000000000003 11.459999999999999L132.00000000000003 10.06L132.34000000000003 11.48L134.78000000000003 20.0H136.38000000000002L140.28000000000003 9.08H139.18000000000004L135.62000000000003 19.28L132.78000000000003 9.08H131.26000000000002L128.04000000000002 19.28L124.84000000000002 9.08H123.68000000000002Z", "M142.36 20.0H143.46V11.36C144.46 10.62 145.78 9.799999999999999 147.12 9.799999999999999C149.36 9.799999999999999 149.60000000000002 11.22 149.60000000000002 13.219999999999999V20.0H150.66000000000003V12.899999999999999C150.66000000000003 11.18 150.5 8.799999999999999 147.34 8.799999999999999C145.70000000000002 8.799999999999999 144.56 9.54 143.46 10.36V9.08H142.36Z", "M160.01999999999998 24.4H161.12V10.1H163.45999999999998V9.08H161.12V8.22C161.12 6.379999999999999 161.82 5.719999999999999 163.34 5.719999999999999C164.17999999999998 5.719999999999999 164.45999999999998 5.82 164.73999999999998 5.879999999999999L164.94 4.92C164.57999999999998 4.799999999999999 164.1 4.719999999999999 163.34 4.719999999999999C161.48 4.719999999999999 160.01999999999998 5.779999999999999 160.01999999999998 8.24V9.08H158.42V10.1H160.01999999999998Z", "M169.72 20.24C172.44 20.24 174.48 18.4 174.48 14.54C174.48 10.86 172.92 8.799999999999999 169.83999999999997 8.799999999999999C167.07999999999998 8.799999999999999 165.01999999999998 10.84 165.01999999999998 14.66C165.01999999999998 18.28 166.83999999999997 20.24 169.72 20.24ZM169.82 19.3C167.01999999999998 19.3 166.16 16.94 166.16 14.559999999999999C166.16 12.42 166.92 9.74 169.77999999999997 9.74C172.7 9.74 173.35999999999999 12.46 173.35999999999999 14.54C173.35999999999999 16.8 172.66 19.3 169.82 19.3Z", "M176.17999999999998 20.0H177.48L180.54 15.280000000000001L183.55999999999997 20.0H184.92L181.17999999999998 14.36L184.66 9.08H183.42L180.55999999999997 13.54L177.67999999999998 9.08H176.38L179.92 14.42Z", "M190.27999999999997 24.48C192.25999999999996 24.48 193.75999999999996 23.54 193.75999999999996 20.5V9.08H192.61999999999998V20.48C192.61999999999998 22.2 192.15999999999997 23.5 190.31999999999996 23.5C190.05999999999997 23.5 189.57999999999998 23.44 189.35999999999999 23.38L189.17999999999998 24.32C189.37999999999997 24.38 189.73999999999998 24.48 190.27999999999997 24.48ZM193.15999999999997 6.799999999999999 194.25999999999996 5.699999999999999 193.15999999999997 4.619999999999999 192.09999999999997 5.699999999999999Z", "M200.41999999999996 20.24C202.23999999999995 20.24 203.31999999999996 19.46 204.39999999999998 18.68V20.0H205.43999999999997V9.08H204.39999999999998V17.62C203.47999999999996 18.3 202.09999999999997 19.18 200.61999999999998 19.18C198.39999999999998 19.18 198.33999999999997 17.54 198.33999999999997 15.76V9.08H197.23999999999995V16.1C197.23999999999995 17.8 197.43999999999997 20.24 200.41999999999996 20.24Z", "M208.99999999999997 20.0H210.09999999999997V11.44C211.03999999999996 10.64 212.41999999999996 9.799999999999999 213.51999999999998 9.799999999999999C215.77999999999997 9.799999999999999 215.93999999999997 11.459999999999999 215.93999999999997 13.219999999999999V20.0H217.01999999999998V12.899999999999999C217.01999999999998 12.399999999999999 216.95999999999998 11.84 216.87999999999997 11.34C217.89999999999998 10.56 219.07999999999998 9.84 220.39999999999998 9.84C222.63999999999996 9.84 222.85999999999996 11.42 222.85999999999996 13.219999999999999V20.0H223.95999999999998V12.899999999999999C223.95999999999998 11.02 223.69999999999996 8.84 220.57999999999998 8.84C218.79999999999998 8.84 217.49999999999997 9.78 216.61999999999998 10.44C216.21999999999997 9.56 215.39999999999998 8.84 213.61999999999998 8.84C212.25999999999996 8.84 210.97999999999996 9.7 210.09999999999997 10.42V9.08H208.99999999999997Z", "M227.43999999999997 24.4H228.53999999999996V20.02C229.11999999999998 20.12 229.93999999999997 20.22 230.99999999999997 