{"width": 117.86000000000001, "height": 20, "dataStrings": ["M12.0 20.0V19.9C11.8 19.88 11.6 19.84 11.36 19.76C11.0 19.64 10.68 19.42 10.42 18.96C10.06 18.26 9.620000000000001 17.08 9.040000000000001 15.36L6.24 6.76H5.64L2.02 17.08C1.72 17.9 1.52 18.48 1.32 18.84C1.1 19.24 0.84 19.48 0.6 19.62C0.34 19.8 0.04 19.84 -0.26 19.88V20.0H3.58V19.88C3.38 19.86 3.04 19.8 2.8000000000000003 19.7C2.44 19.54 2.12 19.2 2.12 18.66C2.12 18.3 2.18 17.88 2.44 17.12L3.06 15.280000000000001H6.5200000000000005L7.0200000000000005 16.94C7.18 17.56 7.38 18.08 7.38 18.66C7.38 19.26 7.12 19.52 6.72 19.7C6.54 19.78 6.18 19.86 5.98 19.88V20.0ZM6.4 14.96H3.18L4.84 10.06H4.9Z", "M21.3 20.0V19.92C21.119999999999997 19.9 20.78 19.88 20.58 19.74C20.36 19.6 20.22 19.34 20.18 18.98C20.16 18.66 20.14 18.08 20.14 17.72V13.92C20.14 13.0 20.16 11.9 20.16 11.58C20.16 11.48 20.1 11.42 20.02 11.42H16.92V11.5C17.1 11.52 17.46 11.56 17.64 11.68C17.88 11.84 17.98 12.08 18.02 12.46C18.06 12.76 18.06 13.3 18.06 13.66V15.98C18.06 16.58 18.06 16.84 18.0 17.34C17.86 18.74 17.08 19.68 16.34 19.68C15.92 19.68 15.58 19.56 15.36 19.24C15.16 18.94 15.059999999999999 18.48 15.059999999999999 17.88V13.94C15.059999999999999 13.02 15.08 11.9 15.08 11.58C15.08 11.44 15.02 11.42 14.96 11.42H11.82V11.5C11.98 11.52 12.32 11.54 12.52 11.66C12.76 11.82 12.84 12.02 12.9 12.42C12.959999999999999 12.719999999999999 12.959999999999999 13.379999999999999 12.959999999999999 13.780000000000001V17.54C12.959999999999999 18.32 13.2 19.06 13.54 19.46C14.04 20.04 14.82 20.18 15.5 20.18C16.04 20.18 16.7 20.02 17.14 19.64C17.56 19.28 17.740000000000002 18.96 18.02 18.3H18.08V19.54C18.08 19.68 18.06 19.9 18.08 20.0C18.08 20.04 18.12 20.08 18.16 20.08C18.240000000000002 20.08 21.04 20.0 21.3 20.0Z", "M28.22 17.42C28.22 15.879999999999999 27.060000000000002 15.219999999999999 25.62 14.620000000000001C24.5 14.18 23.72 13.74 23.72 12.76C23.72 11.9 24.240000000000002 11.48 24.94 11.48C25.48 11.48 26.060000000000002 11.72 26.52 12.16C26.98 12.58 27.32 13.24 27.46 13.92H27.560000000000002L27.5 11.4H27.44L26.92 11.92H26.86C26.52 11.54 25.64 11.24 24.96 11.24C23.16 11.24 22.12 12.48 22.12 13.780000000000001C22.12 15.399999999999999 23.3 16.12 24.52 16.64C25.76 17.2 26.580000000000002 17.72 26.580000000000002 18.54C26.580000000000002 19.64 26.16 19.98 25.22 19.98C23.9 19.98 22.46 18.56 22.18 16.84H22.080000000000002L22.14 20.0H22.22L22.86 19.42H22.94C23.52 19.9 24.52 20.18 25.22 20.18C26.84 20.18 28.22 19.24 28.22 17.42Z", "M34.52 18.78C34.22 19.26 33.68 19.5 33.16 19.5C32.34 19.5 32.1 19.0 32.1 18.28L32.18 11.78H34.12V11.42H32.18V7.9H31.98C31.34 10.34 30.36 11.28 28.9 11.56V11.7C29.2 11.74 29.740000000000002 11.72 30.08 11.76C30.06 12.74 30.0 17.62 30.0 18.02C30.0 18.78 30.16 19.24 30.58 19.62C31.0 20.02 31.6 20.18 32.42 20.18C33.44 20.18 34.34 19.44 34.6 18.84Z", "M39.260000000000005 20.0V19.92C39.120000000000005 19.9 38.96 19.9 38.800000000000004 19.84C38.46 19.68 38.28 19.58 38.160000000000004 19.04C38.080000000000005 18.76 38.080000000000005 18.24 38.080000000000005 17.8V12.82C38.080000000000005 12.3 38.1 11.879999999999999 38.1 11.56C38.1 11.459999999999999 38.06 11.42 37.96 11.42H34.92V11.54C35.120000000000005 11.54 35.400000000000006 11.56 35.580000000000005 11.7C35.760000000000005 11.84 35.88 12.0 35.940000000000005 12.379999999999999C35.980000000000004 12.7 35.980000000000004 13.559999999999999 35.980000000000004 13.94V17.8C35.980000000000004 18.24 35.980000000000004 18.76 35.900000000000006 19.04C35.78 19.58 35.620000000000005 19.68 35.260000000000005 19.84C35.1 19.9 34.940000000000005 19.9 34.800000000000004 19.92V20.0ZM38.24 8.12C38.24 7.359999999999999 37.6 6.92 37.02 6.92C36.46 6.92 35.84 7.4 35.84 8.12C35.84 8.799999999999999 36.440000000000005 9.26 37.02 9.26C37.6 9.26 38.24 8.84 38.24 8.12Z", "M49.44 20.0V19.92C49.3 19.9 49.16 19.88 49.0 19.82C48.620000000000005 19.66 48.46 19.56 48.34 19.04C48.24 18.64 48.26 17.96 48.26 17.38V13.94C48.26 12.94 48.0 12.26 47.72 11.92C47.34 11.42 46.78 11.24 45.86 11.24C45.38 11.24 44.66 11.459999999999999 44.2 11.8C43.8 12.1 43.34 12.559999999999999 43.08 13.379999999999999H43.04C43.04 13.280000000000001 43.08 11.62 43.08 11.56C43.08 11.48 43.04 11.42 42.96 11.42H39.9V11.54C40.08 11.54 40.36 11.56 40.58 11.7C40.74 11.84 40.86 12.0 40.92 12.379999999999999C40.96 12.7 40.96 13.559999999999999 40.96 13.94V17.38C40.96 17.96 41.0 18.66 40.9 19.04C40.78 19.58 40.6 19.66 40.24 19.82C40.08 19.88 39.92 19.9 39.78 19.92V20.0H44.2V19.92C44.06 19.9 43.92 19.88 43.76 19.82C43.38 19.66 43.24 19.54 43.12 19.0C43.04 18.62 43.04 18.04 43.04 17.5V15.76C43.04 15.16 43.08 14.66 43.12 14.16C43.26 12.54 44.3 11.879999999999999 44.9 11.879999999999999C45.46 11.879999999999999 45.72 12.02 45.92 12.280000000000001C46.14 12.559999999999999 46.18 12.94 46.18 13.780000000000001V17.5C46.18 18.04 46.18 18.6 46.1 19.0C46.0 19.52 45.86 19.66 45.46 19.82C45.32 19.88 45.18 19.9 45.02 19.92V20.0Z", "M69.02000000000001 20.0V19.9C68.84 19.88 68.62 19.86 68.42 19.8C68.0 19.66 67.66 19.4 67.5 18.88C67.28 18.22 67.22 17.0 67.22 15.76V11.12C67.22 9.86 67.28 8.64 67.5 7.98C67.66 7.459999999999999 68.0 7.199999999999999 68.42 7.08C68.62 7.02 68.84 6.98 69.02000000000001 6.959999999999999V6.859999999999999H65.04L61.68000000000001 16.48H61.6L58.14 6.859999999999999H53.86V6.959999999999999C54.06 6.98 54.22 7.0 54.400000000000006 7.0600000000000005C54.82 7.199999999999999 55.18 7.5 55.36 7.959999999999999C55.580000000000005 8.56 55.7 9.7 55.7 11.14V16.56C55.7 17.86 55.54 18.48 55.34 18.96C55.18 19.38 54.82 19.68 54.46 19.78C54.260000000000005 19.84 54.080000000000005 19.88 53.800000000000004 19.9V20.0H57.980000000000004V19.9C57.7 19.88 57.52 19.84 57.300000000000004 19.78C56.96 19.68 56.6 19.38 56.440000000000005 18.96C56.24 18.48 56.06 17.86 56.06 16.56V8.78H56.120000000000005L60.24 20.08H60.88L64.78 8.7H64.86V15.76C64.86 17.0 64.8 18.22 64.60000000000001 18.88C64.42 19.4 64.08 19.66 63.660000000000004 19.8C63.46 19.86 63.22 19.88 63.06 19.9V20.0Z", "M77.24000000000001 15.219999999999999C77.26 15.04 77.26 14.780000000000001 77.26 14.620000000000001C77.26 12.96 76.10000000000001 11.24 73.60000000000001 11.24C71.48 11.24 69.7 12.94 69.7 15.76C69.7 17.3 70.12 18.38 70.98 19.2C71.74000000000001 19.94 72.82000000000001 20.18 73.80000000000001 20.18C75.60000000000001 20.18 76.82000000000001 18.96 77.16000000000001 17.259999999999998L76.94 17.2C76.58000000000001 18.46 75.92 19.64 74.28 19.64C73.72 19.64 73.24000000000001 19.48 72.88000000000001 19.08C72.34 18.46 71.96000000000001 17.3 71.96000000000001 15.219999999999999ZM75.18 14.120000000000001C75.18 14.76 75.0 14.94 74.48 14.94H71.96000000000001C72.02000000000001 13.34 72.28 12.3 72.7 11.879999999999999C72.98 11.6 73.24000000000001 11.48 73.62 11.48C74.0 11.48 74.34 11.62 74.60000000000001 11.879999999999999C74.96000000000001 12.280000000000001 75.18 13.04 75.18 14.120000000000001Z", "M87.30000000000001 20.02V19.94C87.14 19.92 86.78 19.9 86.58000000000001 19.76C86.32000000000001 19.6 86.18 19.34 86.14 18.98C86.10000000000001 18.66 86.10000000000001 18.12 86.10000000000001 17.759999999999998V10.7C86.10000000000001 9.68 86.16000000000001 7.219999999999999 86.16000000000001 6.459999999999999C86.16000000000001 6.379999999999999 86.10000000000001 6.34 86.06 6.32H82.86000000000001V6.4C83.02000000000001 6.42 83.32000000000001 6.4399999999999995 83.52000000000001 6.5600000000000005C83.76 6.719999999999999 83.88000000000001 6.92 83.94000000000001 7.279999999999999C83.98 7.58 83.98 8.379999999999999 83.98 8.72V12.719999999999999H83.96000000000001C83.66000000000001 11.959999999999999 83.02000000000001 11.24 81.82000000000001 11.24C79.84 11.24 77.98 12.68 77.98 15.74C77.98 18.84 79.7 20.18 81.54 20.18C82.78 20.18 83.68 19.48 84.02000000000001 18.46H84.04V19.44C84.04 19.48 84.02000000000001 19.96 84.02000000000001 19.98C84.02000000000001 20.04 84.08000000000001 20.08 84.10000000000001 20.08C84.22 20.08 86.96000000000001 20.02 87.30000000000001 20.02ZM83.98 16.98C83.98 18.84 83.16000000000001 