{"width": 201.98000000000002, "height": 20, "dataStrings": ["M1.54 5.5600000000000005V20.0H6.640000000000001C11.24 20.0 13.92 16.7 13.92 12.780000000000001C13.92 8.86 11.06 5.5600000000000005 6.640000000000001 5.5600000000000005ZM2.52 5.879999999999999H6.46C10.96 5.879999999999999 12.92 9.04 12.92 12.780000000000001C12.92 16.54 11.120000000000001 19.68 6.46 19.68H2.52Z", "M15.38 18.06C15.38 19.48 16.32 20.2 17.92 20.2C19.28 20.2 20.58 19.36 21.08 18.68H21.12C21.16 19.64 21.68 20.2 22.72 20.2C23.34 20.2 23.700000000000003 20.02 23.92 19.88V19.68C23.700000000000003 19.8 23.4 19.9 22.92 19.9C22.240000000000002 19.9 22.0 19.44 22.0 18.62V12.34C22.0 11.08 20.98 10.5 18.78 10.5C17.34 10.5 16.580000000000002 10.72 15.940000000000001 10.98V11.34C16.76 10.94 17.46 10.78 18.72 10.78C20.240000000000002 10.78 21.060000000000002 11.06 21.060000000000002 12.219999999999999V13.52C20.76 14.3 19.36 14.92 18.1 15.399999999999999C16.48 16.02 15.38 16.46 15.38 18.06ZM21.060000000000002 18.4C20.6 19.06 19.44 19.82 18.26 19.82C17.0 19.82 16.32 19.24 16.32 17.98C16.32 16.58 16.96 16.1 18.240000000000002 15.6C19.46 15.14 20.82 14.5 21.060000000000002 13.899999999999999Z", "M24.92 10.72V20.0H25.860000000000003V12.7C26.540000000000003 11.66 27.46 11.04 28.44 11.04C28.82 11.04 29.220000000000002 11.1 29.46 11.24V10.6C29.26 10.52 29.060000000000002 10.5 28.68 10.5C27.520000000000003 10.5 26.5 11.299999999999999 25.900000000000002 12.280000000000001H25.82V10.7Z", "M39.720000000000006 15.34C39.720000000000006 11.84 37.78 10.5 35.28 10.5C33.96 10.5 32.68000000000001 11.16 32.02 11.8H31.960000000000004V5.1L31.000000000000004 5.140000000000001V19.22C32.14 19.9 33.5 20.2 34.56 20.2C37.660000000000004 20.2 39.720000000000006 18.52 39.720000000000006 15.34ZM38.720000000000006 15.34C38.720000000000006 18.16 37.42 19.92 34.56 19.92C33.86000000000001 19.92 32.720000000000006 19.74 31.960000000000004 19.24V12.18C32.660000000000004 11.5 33.86000000000001 10.82 35.14 10.82C37.32000000000001 10.82 38.720000000000006 12.18 38.720000000000006 15.34Z", "M48.980000000000004 10.7H48.540000000000006L45.080000000000005 18.98H45.02000000000001L41.580000000000005 10.7H40.56000000000001L44.56000000000001 20.12L42.64000000000001 24.62H43.080000000000005Z", "M53.92000000000001 19.14C54.720000000000006 19.74 56.040000000000006 20.2 57.68000000000001 20.2C60.52000000000001 20.2 62.480000000000004 18.98 62.480000000000004 16.36C62.480000000000004 13.82 61.00000000000001 13.02 58.34 12.02C56.24000000000001 11.22 54.82000000000001 10.66 54.82000000000001 8.5C54.82000000000001 7.0 55.940000000000005 5.699999999999999 58.2 5.699999999999999C59.78000000000001 5.699999999999999 60.660000000000004 6.02 61.60000000000001 6.640000000000001V6.119999999999999C60.82000000000001 5.640000000000001 59.900000000000006 5.359999999999999 58.2 5.359999999999999C55.480000000000004 5.359999999999999 54.02 7.039999999999999 54.02 8.879999999999999C54.02 11.36 55.68000000000001 12.120000000000001 58.02000000000001 12.98C60.400000000000006 13.84 61.720000000000006 14.719999999999999 61.720000000000006 16.72C61.720000000000006 18.76 60.34 19.86 57.68000000000001 19.86C56.32000000000001 19.86 54.940000000000005 19.44 53.92000000000001 18.6Z", "M63.92 18.06C63.92 19.48 64.86 20.2 66.46000000000001 20.2C67.82000000000001 20.2 69.12 19.36 69.62 18.68H69.66000000000001C69.7 19.64 70.22 20.2 71.26 20.2C71.88000000000001 20.2 72.24000000000001 20.02 72.46000000000001 19.88V19.68C72.24000000000001 19.8 71.94 19.9 71.46000000000001 19.9C70.78 19.9 70.54 19.44 70.54 18.62V12.34C70.54 11.08 69.52000000000001 10.5 67.32000000000001 10.5C65.88000000000001 10.5 65.12 10.72 64.48 10.98V11.34C65.30000000000001 10.94 66.0 10.78 67.26 10.78C68.78 10.78 69.60000000000001 11.06 69.60000000000001 12.219999999999999V13.52C69.30000000000001 14.3 67.9 14.92 66.64 15.399999999999999C65.02000000000001 16.02 63.92 16.46 63.92 18.06ZM69.60000000000001 18.4C69.14 19.06 67.98 19.82 66.80000000000001 19.82C65.54 19.82 64.86 19.24 64.86 17.98C64.86 16.58 65.5 16.1 66.78 15.6C68.0 15.14 69.36 14.5 69.60000000000001 13.899999999999999Z", "M81.26 20.0V12.58C81.26 11.18 80.42 10.5 78.54 10.5C77.0 10.5 75.24 11.5 74.48 12.2H74.38V10.68L73.48 10.72V20.0H74.44V12.54C75.36 11.68 76.96000000000001 10.879999999999999 78.2 10.879999999999999C79.68 10.879999999999999 80.32 11.44 80.32 12.46V20.0Z", "M83.46000000000001 12.899999999999999C83.46000000000001 14.399999999999999 84.56 14.92 86.04 15.58C87.4 16.2 88.56 16.6 88.56 17.92C88.56 19.14 87.68 19.92 86.14 19.92C85.08 19.92 83.98 19.66 83.24000000000001 19.08V19.52C83.88 19.94 84.94 20.2 86.14 20.2C88.02 20.2 89.34 19.22 89.34 17.56C89.34 15.96 88.16 15.5 86.44 14.74C85.10000000000001 14.14 84.18 13.58 84.18 12.54C84.18 11.36 85.0 10.78 86.44 10.78C87.38 10.78 88.24000000000001 11.04 88.78 11.36V10.959999999999999C88.18 10.68 87.54 10.5 86.44 10.5C84.58 10.5 83.46000000000001 11.42 83.46000000000001 12.899999999999999Z", "M95.10000000000001 5.5600000000000005V20.0H96.08V13.68H99.78C102.62 13.68 104.4 12.18 104.4 9.56C104.4 7.1 102.68 5.5600000000000005 99.82000000000001 5.5600000000000005ZM99.7 13.36H96.08V5.879999999999999H99.68C102.32000000000001 5.879999999999999 103.46000000000001 7.299999999999999 103.46000000000001 9.56C103.46000000000001 11.94 102.32000000000001 13.36 99.7 13.36Z", "M105.78 15.34C105.78 18.4 107.96 20.2 110.52 20.2C113.06 20.2 115.24 18.4 115.24 15.34C115.24 12.3 113.06 10.5 110.52 10.5C107.96 10.5 105.78 12.3 105.78 15.34ZM114.25999999999999 15.34C114.25999999999999 18.28 112.66 19.92 110.52 19.92C108.36 19.92 106.78 18.28 106.78 15.34C106.78 12.42 108.36 10.78 110.52 10.78C112.66 10.78 114.25999999999999 12.42 114.25999999999999 15.34Z", "M116.76 12.899999999999999C116.76 14.399999999999999 117.86 14.92 119.34 15.58C120.7 16.2 121.86 16.6 121.86 17.92C121.86 19.14 120.98 19.92 119.44 19.92C118.38 19.92 117.28 19.66 116.54 19.08V19.52C117.17999999999999 19.94 118.24 20.2 119.44 20.2C121.32 20.2 122.64 19.22 122.64 17.56C122.64 15.96 121.46 15.5 119.74 14.74C118.4 14.14 117.48 13.58 117.48 12.54C117.48 11.36 118.3 10.78 119.74 10.78C120.68 10.78 121.53999999999999 11.04 122.08 11.36V10.959999999999999C121.48 10.68 120.84 10.5 119.74 10.5C117.88 10.5 116.76 11.42 116.76 12.899999999999999Z", "M123.76 11.0H125.17999999999999V18.16C125.17999999999999 19.46 125.92 20.2 127.4 20.2C128.32 20.2 129.02 19.94 129.36 19.7V19.36C128.92 19.68 128.32 19.84 127.58 19.84C126.67999999999999 19.84 126.12 19.44 126.12 18.32V11.0H129.06V10.7H126.12V8.08L125.17999999999999 8.44V10.7L123.76 10.799999999999999Z", "M134.60000000000002 10.76C136.84 10.76 137.46 11.86 137.46 13.84H131.34C131.72 11.8 132.96 10.76 134.60000000000002 10.76ZM138.36 18.94V18.6C137.68 19.26 136.56 19.88 135.0 19.88C132.56 19.88 131.20000000000002 18.12 131.20000000000002 15.36C131.20000000000002 14.899999999999999 131.24 14.48 131.28 14.1H138.36C138.38000000000002 14.0 138.38000000000002 13.899999999999999 138.38000000000002 13.84C138.38000000000002 11.8 137.20000000000002 10.5 134.60000000000002 10.5C132.3 10.5 130.22 12.3 130.22 15.36C130.22 18.42 132.18 20.2 134.96 20.2C136.66000000000003 20.2 137.82000000000002 19.48 138.36 18.94Z", "M140.32 10.72V20.0H141.26V12.7C141.94 11.66 142.86 11.04 143.84 11.04C144.22 11.04 144.62 11.1 144.86 11.24V10.6C144.66 10.52 144.46 10.5 144.08 10.5C142.92 10.5 141.9 11.299999999999999 141.3 12.280000000000001H141.22V10.7Z", "M159.48 20.0H160.57999999999998L155.23999999999998 12.48L160.14 5.5600000000000005H159.57999999999998L154.95999999999998 12.1L150.29999999999998 5.5600000000000005H149.17999999999998L154.32 12.76L149.11999999999998 20.0H149.66L154.57999999999998 13.14Z", "M163.52 19.68V5.5600000000000005H162.54V20.0H171.92V19.68Z", "M174.62 7.9C174.62 7.6 174.38 7.34 174.04 7.34C173.72 7.34 173.46 7.6 173.46 7.9C173.46 8.22 173.72 8.48 174.04 8.48C174.38 8.48 174.62 8.22 174.62 7.9ZM174.52 20.0V10.68L173.56 10.72V20.0Z", "M177.74 13.74C177.74 12.0 178.66 10.799999999999999 180.3 