{"width": 137.26, "height": 20, "dataStrings": ["M8.48 20.24C10.84 20.24 12.8 19.26 14.1 18.1V12.52H8.32V13.94H12.58V17.42C11.620000000000001 18.2 10.14 18.82 8.540000000000001 18.82C5.14 18.82 3.0 16.34 3.0 13.0V12.96C3.0 9.84 5.22 7.219999999999999 8.32 7.219999999999999C10.3 7.219999999999999 11.5 7.879999999999999 12.58 8.82L13.6 7.619999999999999C12.200000000000001 6.4399999999999995 10.74 5.76 8.38 5.76C4.18 5.76 1.36 9.16 1.36 13.0V13.04C1.36 17.04 4.08 20.24 8.48 20.24Z", "M22.12 20.24C25.240000000000002 20.24 27.54 17.759999999999998 27.54 14.84V14.8C27.54 11.879999999999999 25.259999999999998 9.44 22.16 9.44C19.04 9.44 16.759999999999998 11.92 16.759999999999998 14.84V14.879999999999999C16.759999999999998 17.8 19.02 20.24 22.12 20.24ZM22.16 18.86C19.98 18.86 18.34 17.06 18.34 14.84V14.8C18.34 12.620000000000001 19.88 10.799999999999999 22.12 10.799999999999999C24.3 10.799999999999999 25.96 12.620000000000001 25.96 14.84V14.879999999999999C25.96 17.06 24.4 18.86 22.16 18.86Z", "M33.78 20.18C34.52 20.18 35.1 20.02 35.64 19.74V18.42C35.1 18.68 34.660000000000004 18.78 34.14 18.78C33.1 18.78 32.4 18.32 32.4 17.06V11.02H35.68V9.66H32.4V6.539999999999999H30.860000000000003V9.66H29.42V11.02H30.860000000000003V17.259999999999998C30.860000000000003 19.36 32.120000000000005 20.18 33.78 20.18Z", "M38.4 20.0H39.94V14.08C39.94 12.14 41.26 10.84 43.04 10.84C44.86 10.84 45.9 12.04 45.9 13.96V20.0H47.44V13.58C47.44 11.12 45.980000000000004 9.44 43.48 9.44C41.7 9.44 40.62 10.34 39.94 11.459999999999999V5.4H38.4Z", "M53.8 20.22C55.62 20.22 56.82 19.38 57.54 18.44V20.0H59.019999999999996V13.68C59.019999999999996 12.36 58.66 11.36 57.96 10.66C57.2 9.9 56.08 9.52 54.62 9.52C53.12 9.52 52.0 9.86 50.86 10.379999999999999L51.32 11.64C52.28 11.2 53.24 10.879999999999999 54.46 10.879999999999999C56.4 10.879999999999999 57.54 11.84 57.54 13.7V14.059999999999999C56.62 13.8 55.68 13.620000000000001 54.36 13.620000000000001C51.74 13.620000000000001 49.94 14.780000000000001 49.94 16.96V17.0C49.94 19.12 51.88 20.22 53.8 20.22ZM54.1 19.0C52.7 19.0 51.5 18.24 51.5 16.94V16.9C51.5 15.6 52.58 14.76 54.52 14.76C55.78 14.76 56.8 14.98 57.56 15.2V16.2C57.56 17.84 56.0 19.0 54.1 19.0Z", "M62.3 20.0H63.839999999999996V14.1C63.839999999999996 12.2 65.08 10.84 66.72 10.84C68.36 10.84 69.38 11.98 69.38 13.92V20.0H70.92V14.04C70.92 12.0 72.2 10.84 73.75999999999999 10.84C75.44 10.84 76.44 11.959999999999999 76.44 13.96V20.0H77.98V13.6C77.98 11.04 76.52 9.44 74.14 9.44C72.34 9.44 71.24 10.36 70.5 11.5C69.94 10.34 68.86 9.44 67.17999999999999 9.44C65.44 9.44 64.52 10.379999999999999 63.839999999999996 11.4V9.66H62.3Z", "M87.58 20.0H93.8C96.86 20.0 98.88 18.58 98.88 16.18V16.14C98.88 14.219999999999999 97.53999999999999 13.26 95.88 12.76C96.97999999999999 12.280000000000001 98.1 11.34 98.1 9.52V9.48C98.1 8.58 97.78 7.84 97.19999999999999 7.24C96.39999999999999 6.459999999999999 95.14 6.0 93.53999999999999 6.0H87.58ZM96.5 9.74C96.5 11.379999999999999 95.17999999999999 12.24 93.28 12.24H89.14V7.42H93.39999999999999C95.39999999999999 7.42 96.5 8.32 96.5 9.7ZM97.28 16.04V16.08C97.28 17.64 95.96 18.58 93.83999999999999 18.58H89.14V13.64H93.55999999999999C96.0 13.64 97.28 14.52 97.28 16.04Z", "M106.47999999999999 20.24C109.6 20.24 111.89999999999999 17.759999999999998 111.89999999999999 14.84V14.8C111.89999999999999 11.879999999999999 109.61999999999999 9.44 106.52 9.44C103.39999999999999 9.44 101.11999999999999 11.92 101.11999999999999 14.84V14.879999999999999C101.11999999999999 17.8 103.38 20.24 106.47999999999999 20.24ZM106.52 18.86C104.33999999999999 18.86 102.69999999999999 17.06 102.69999999999999 14.84V14.8C102.69999999999999 12.620000000000001 104.24 10.799999999999999 106.47999999999999 10.799999999999999C108.66 10.799999999999999 110.32 12.620000000000001 110.32 14.84V14.879999999999999C110.32 17.06 108.75999999999999 18.86 106.52 18.86Z", "M119.39999999999999 20.24C122.52 20.24 124.82 17.759999999999998 124.82 14.84V14.8C124.82 11.879999999999999 122.53999999999999 9.44 119.44 9.44C116.32 9.44 114.03999999999999 11.92 114.03999999999999 14.84V14.879999999999999C114.03999999999999 17.8 116.3 20.24 119.39999999999999 20.24ZM119.44 18.86C117.25999999999999 18.86 115.61999999999999 17.06 115.61999999999999 14.84V14.8C115.61999999999999 12.620000000000001 117.16 10.799999999999999 119.39999999999999 10.799999999999999C121.58 10.799999999999999 123.24 12.620000000000001 123.24 14.84V14.879999999999999C123.24 17.06 121.67999999999999 18.86 119.44 18.86Z", "M127.6 20.0H129.14V17.3L131.24 15.18L134.94 20.0H136.78L132.29999999999998 14.1L136.64 9.66H134.72L129.14 15.48V5.4H127.6Z"]}