{"width": 150.66000000000003, "height": 20, "dataStrings": ["M8.02 20.18C11.68 20.18 14.22 17.98 14.22 13.84V12.780000000000001H8.34V14.219999999999999H12.52C12.46 16.759999999999998 11.120000000000001 18.78 8.02 18.78C4.66 18.78 2.9 16.46 2.9 12.92V12.76C2.9 9.26 4.78 6.859999999999999 8.06 6.859999999999999C10.14 6.859999999999999 11.700000000000001 7.74 12.1 10.02H13.84C13.4 6.799999999999999 10.86 5.48 8.02 5.48C3.92 5.48 1.1 8.6 1.1 12.780000000000001V12.94C1.1 17.12 3.62 20.18 8.02 20.18Z", "M17.02 20.0H18.68V14.26C18.68 11.68 20.02 11.02 22.12 10.92V9.36C20.240000000000002 9.42 19.34 10.24 18.68 11.42V9.54H17.02Z", "M27.16 20.18C28.7 20.18 29.64 19.66 30.42 18.68V20.0H32.08V13.1C32.08 10.18 30.259999999999998 9.36 28.259999999999998 9.36C26.24 9.36 24.34 10.24 24.12 12.620000000000001H25.78C25.939999999999998 11.34 26.74 10.74 28.18 10.74C29.78 10.74 30.42 11.44 30.42 13.1V13.86H28.92C26.24 13.86 23.68 14.68 23.68 17.1C23.68 19.24 25.22 20.18 27.16 20.18ZM27.32 18.86C25.86 18.86 25.34 18.18 25.34 17.1C25.34 15.559999999999999 26.88 15.04 28.98 15.04H30.42V16.34C30.42 17.96 29.08 18.86 27.32 18.86Z", "M35.339999999999996 23.64H37.0V18.28C37.599999999999994 19.32 38.81999999999999 20.18 40.54 20.18C43.419999999999995 20.18 45.3 17.98 45.3 14.780000000000001V14.620000000000001C45.3 11.36 43.28 9.36 40.54 9.36C39.019999999999996 9.36 37.599999999999994 10.28 37.0 11.299999999999999V9.54H35.339999999999996ZM40.379999999999995 18.8C38.339999999999996 18.8 36.94 17.54 36.94 14.86V14.7C36.94 12.02 38.419999999999995 10.74 40.36 10.74C42.12 10.74 43.58 12.059999999999999 43.58 14.7V14.86C43.58 17.4 42.459999999999994 18.8 40.379999999999995 18.8Z", "M47.879999999999995 20.0H49.53999999999999V13.66C49.53999999999999 11.78 50.919999999999995 10.799999999999999 52.459999999999994 10.799999999999999C54.13999999999999 10.799999999999999 54.919999999999995 11.62 54.919999999999995 13.46V20.0H56.58V13.58C56.58 10.54 55.059999999999995 9.36 52.9 9.36C51.17999999999999 9.36 50.019999999999996 10.22 49.53999999999999 11.2V4.539999999999999H47.879999999999995Z", "M59.879999999999995 20.0H61.54V9.54H59.879999999999995ZM60.68 7.359999999999999C61.279999999999994 7.359999999999999 61.779999999999994 6.859999999999999 61.779999999999994 6.26C61.779999999999994 5.66 61.279999999999994 5.16 60.68 5.16C60.08 5.16 59.58 5.66 59.58 6.26C59.58 6.859999999999999 60.08 7.359999999999999 60.68 7.359999999999999Z", "M64.94 20.0H66.6V14.58L71.24 20.0H73.25999999999999L68.39999999999999 14.399999999999999L72.88 9.54H70.94L66.6 14.36V4.539999999999999H64.94Z", "M80.67999999999999 20.0H82.42V13.780000000000001H84.61999999999999L88.88 20.0H90.82L86.44 13.66C88.39999999999999 13.280000000000001 89.97999999999999 12.120000000000001 89.97999999999999 9.76V9.68C89.97999999999999 6.82 87.72 5.699999999999999 84.97999999999999 5.699999999999999H80.67999999999999ZM82.42 12.399999999999999V7.1H85.1C87.03999999999999 7.1 88.24 7.74 88.24 9.68V9.76C88.24 11.52 87.14 12.399999999999999 85.1 12.399999999999999Z", "M97.39999999999999 20.18C99.75999999999999 20.18 101.5 19.08 101.86 16.98H100.2C99.98 18.2 99.03999999999999 18.8 97.42 18.8C95.28 18.8 94.14 17.48 94.06 15.1H101.94V14.559999999999999C101.94 10.82 99.66 9.36 97.24 9.36C94.36 9.36 92.34 11.56 92.34 14.719999999999999V14.879999999999999C92.34 18.1 94.44 20.18 97.39999999999999 20.18ZM94.12 13.76C94.39999999999999 11.9 95.53999999999999 10.74 97.24 10.74C98.96 10.74 100.08 11.6 100.24 13.76Z", "M108.66 23.82C111.58 23.82 113.64 22.34 113.66 19.3V9.54H112.0V11.22C111.39999999999999 10.2 110.32 9.36 108.58 9.36C105.7 9.36 103.7 11.72 103.7 14.559999999999999V14.7C103.7 17.58 105.72 19.66 108.46 19.66C109.97999999999999 19.66 111.39999999999999 18.7 112.0 17.68V19.2C112.0 21.44 110.7 22.42 108.64 22.42C106.86 22.42 105.86 21.8 105.61999999999999 20.6H103.92C104.2 22.36 105.56 23.82 108.66 23.82ZM108.64 18.28C106.88 18.28 105.42 16.92 105.42 14.64V14.48C105.42 12.280000000000001 106.66 10.74 108.74 10.74C110.78 10.74 112.06 12.1 112.06 14.44V14.58C112.06 16.92 110.58 18.28 108.64 18.28Z", "M120.56 20.18C122.24000000000001 20.18 123.4 19.32 123.88000000000001 18.34V20.0H125.54V9.54H123.88000000000001V15.879999999999999C123.88000000000001 17.759999999999998 122.48 18.74 121.0 18.74C119.36 18.74 118.58 17.92 118.58 16.08V9.54H116.92V16.16C116.92 19.04 118.48 20.18 120.56 20.18Z", "M128.94 20.0H130.62V4.539999999999999H128.94Z", "M136.64000000000001 20.18C138.18 20.18 139.12 19.66 139.9 18.68V20.0H141.56V13.1C141.56 10.18 139.74 9.36 137.74 9.36C135.72 9.36 133.82 10.24 133.6 12.620000000000001H135.26C135.42000000000002 11.34 136.22 10.74 137.66 10.74C139.26 10.74 139.9 11.44 139.9 13.1V13.86H138.4C135.72 13.86 133.16 14.68 133.16 17.1C133.16 19.24 134.70000000000002 20.18 136.64000000000001 20.18ZM136.8 18.86C135.34 18.86 134.82 18.18 134.82 17.1C134.82 15.559999999999999 136.36 15.04 138.46 15.04H139.9V16.34C139.9 17.96 138.56 18.86 136.8 18.86Z", "M144.82000000000002 20.0H146.48000000000002V14.26C146.48000000000002 11.68 147.82000000000002 11.02 149.92000000000002 10.92V9.36C148.04000000000002 9.42 147.14000000000001 10.24 146.48000000000002 11.42V9.54H144.82000000000002Z"]}