{"width": 128.14000000000001, "height": 20, "dataStrings": ["M3.68 12.98V6.6H6.42C8.64 6.6 10.120000000000001 7.379999999999999 10.120000000000001 9.72V9.799999999999999C10.120000000000001 12.0 8.76 12.98 6.46 12.98ZM5.72 20.0V19.1H3.68V13.879999999999999H6.38C9.16 13.879999999999999 11.24 12.719999999999999 11.24 9.799999999999999V9.72C11.24 6.82 9.14 5.699999999999999 6.36 5.699999999999999H0.7000000000000001V6.6H2.58V19.1H0.7000000000000001V20.0Z", "M17.020000000000003 20.0V19.16H15.280000000000001V14.2C15.280000000000001 11.44 16.96 10.459999999999999 19.240000000000002 10.48V9.44C16.98 9.44 15.780000000000001 10.56 15.280000000000001 11.86V9.54H12.620000000000001V10.42H14.22V19.16H12.680000000000001V20.0Z", "M25.84 20.16C28.66 20.16 30.9 18.0 30.9 14.84V14.68C30.9 11.5 28.68 9.379999999999999 25.88 9.379999999999999C23.06 9.379999999999999 20.8 11.56 20.8 14.7V14.86C20.8 17.94 23.0 20.16 25.84 20.16ZM25.86 19.26C23.58 19.26 21.9 17.54 21.9 14.86V14.7C21.9 11.98 23.62 10.28 25.88 10.28C28.1 10.28 29.8 11.94 29.8 14.7V14.86C29.8 17.56 28.1 19.26 25.86 19.26Z", "M37.32 19.3C35.24 19.3 33.62 17.759999999999998 33.62 14.879999999999999V14.719999999999999C33.62 11.86 35.24 10.24 37.48 10.24C39.68 10.24 41.22 11.78 41.22 14.68V14.84C41.22 17.74 39.46 19.3 37.32 19.3ZM41.2 17.58V20.0H43.94V19.16H42.26V4.539999999999999H39.519999999999996V5.42H41.2V11.86C40.62 10.56 39.44 9.379999999999999 37.379999999999995 9.379999999999999C34.62 9.379999999999999 32.519999999999996 11.54 32.519999999999996 14.76V14.92C32.519999999999996 18.24 34.56 20.16 37.22 20.16C39.2 20.16 40.66 18.84 41.2 17.58Z", "M53.540000000000006 17.94V20.0H56.28V19.16H54.6V9.54H52.0V10.42H53.540000000000006V15.9C53.540000000000006 18.1 51.86000000000001 19.24 50.18000000000001 19.24C48.38 19.24 47.34 18.32 47.34 16.12V9.54H44.74V10.42H46.260000000000005V16.08C46.260000000000005 19.06 47.78 20.16 49.940000000000005 20.16C51.74 20.16 53.06 19.1 53.540000000000006 17.94Z", "M61.50000000000001 19.16H59.940000000000005V14.559999999999999L65.48 20.0H67.4V19.16H65.96000000000001L61.16000000000001 14.44L65.66000000000001 10.379999999999999H67.08000000000001V9.54H62.900000000000006V10.34H64.52000000000001L59.940000000000005 14.52V4.539999999999999H57.260000000000005V5.42H58.88000000000001V19.16H57.34V20.0H61.50000000000001Z", "M72.52000000000001 20.14C73.14000000000001 20.14 73.54 20.04 73.94000000000001 19.9V19.0C73.52000000000001 19.14 73.08000000000001 19.24 72.60000000000001 19.24C71.52000000000001 19.24 70.92000000000002 18.66 70.92000000000002 17.4V10.44H73.80000000000001V9.54H70.92000000000002V7.16H69.86000000000001V9.54H68.32000000000001V10.44H69.86000000000001V17.48C69.86000000000001 19.16 70.76 20.14 72.52000000000001 20.14Z", "M79.82000000000002 20.0H90.08000000000001V16.4H89.04000000000002V19.08H82.82000000000002V6.6H84.80000000000001V5.699999999999999H79.82000000000002V6.6H81.70000000000002V19.1H79.82000000000002Z", "M93.50000000000003 7.199999999999999C93.92000000000003 7.199999999999999 94.26000000000002 6.859999999999999 94.26000000000002 6.42C94.26000000000002 6.0 93.92000000000003 5.66 93.50000000000003 5.66C93.06000000000003 5.66 92.72000000000003 6.0 92.72000000000003 6.42C92.72000000000003 6.859999999999999 93.06000000000003 7.199999999999999 93.50000000000003 7.199999999999999ZM95.72000000000003 20.0V19.16H94.12000000000002V9.54H91.46000000000002V10.42H93.06000000000003V19.16H91.52000000000002V20.0Z", "M101.76000000000003 18.76C99.68000000000004 18.76 98.04000000000003 17.24 98.04000000000003 14.64V14.48C98.04000000000003 11.879999999999999 99.66000000000003 10.28 101.90000000000003 10.28C104.10000000000002 10.28 105.64000000000003 11.8 105.64000000000003 14.44V14.6C105.64000000000003 17.22 103.90000000000003 18.76 101.76000000000003 18.76ZM101.86000000000003 23.76C104.64000000000003 23.76 106.66000000000003 22.38 106.68000000000004 19.3V10.42H108.28000000000003V9.54H105.62000000000003V11.8C105.04000000000003 10.52 103.86000000000003 9.379999999999999 101.80000000000003 9.379999999999999C99.04000000000003 9.379999999999999 96.94000000000003 11.54 96.94000000000003 14.52V14.66C96.94000000000003 17.7 99.00000000000003 19.66 101.68000000000004 19.66C103.62000000000003 19.66 105.08000000000003 18.38 105.62000000000003 17.12V19.26C105.62000000000003 21.84 104.06000000000003 22.86 101.84000000000003 22.86C99.64000000000003 22.86 98.52000000000002 21.94 98.26000000000003 20.6H97.16000000000003C97.42000000000003 22.28 98.82000000000004 23.76 101.86000000000003 23.76Z", "M113.52000000000002 20.0V19.16H111.90000000000002V13.64C111.90000000000002 11.459999999999999 113.62000000000002 10.299999999999999 115.32000000000002 10.299999999999999C117.14000000000003 10.299999999999999 118.18000000000002 11.28 118.18000000000002 13.46V19.16H116.56000000000003V20.0H120.82000000000002V19.16H119.24000000000002V13.52C119.24000000000002 10.56 117.74000000000002 9.379999999999999 115.56000000000003 9.379999999999999C113.72000000000003 9.379999999999999 112.38000000000002 10.48 111.90000000000002 11.64V4.539999999999999H109.24000000000002V5.42H110.84000000000003V19.16H109.30000000000003V20.0Z", "M125.94000000000003 20.14C126.56000000000003 20.14 126.96000000000002 20.04 127.36000000000003 19.9V19.0C126.94000000000003 19.14 126.50000000000003 19.24 126.02000000000002 19.24C124.94000000000003 19.24 124.34000000000003 18.66 124.34000000000003 17.4V10.44H127.22000000000003V9.54H124.34000000000003V7.16H123.28000000000003V9.54H121.74000000000002V10.44H123.28000000000003V17.48C123.28000000000003 19.16 124.18000000000002 20.14 125.94000000000003 20.14Z"]}