{"width": 183.94, "height": 20, "dataStrings": ["M1.3 19.8C1.3 19.92 1.3800000000000001 20.0 1.5 20.0H6.5600000000000005C8.94 20.0 10.6 18.98 11.26 16.94C11.5 16.18 11.620000000000001 15.42 11.620000000000001 13.2C11.620000000000001 10.98 11.5 10.22 11.26 9.459999999999999C10.6 7.42 8.94 6.4 6.5600000000000005 6.4H1.5C1.3800000000000001 6.4 1.3 6.48 1.3 6.6ZM4.24 17.259999999999998V9.14C4.24 9.06 4.28 9.02 4.36 9.02H5.9C7.26 9.02 8.08 9.42 8.42 10.52C8.56 10.92 8.64 11.44 8.64 13.2C8.64 14.96 8.56 15.48 8.42 15.879999999999999C8.08 16.98 7.26 17.38 5.9 17.38H4.36C4.28 17.38 4.24 17.34 4.24 17.259999999999998Z", "M13.9 19.8C13.9 19.92 13.98 20.0 14.1 20.0H16.64C16.759999999999998 20.0 16.84 19.92 16.84 19.8V6.6C16.84 6.48 16.759999999999998 6.4 16.64 6.4H14.1C13.98 6.4 13.9 6.48 13.9 6.6Z", "M19.44 19.8C19.44 19.92 19.52 20.0 19.64 20.0H21.900000000000002C22.02 20.0 22.1 19.92 22.1 19.8V11.26H22.200000000000003L27.020000000000003 19.8C27.1 19.94 27.200000000000003 20.0 27.36 20.0H29.740000000000002C29.86 20.0 29.94 19.92 29.94 19.8V6.6C29.94 6.48 29.86 6.4 29.740000000000002 6.4H27.48C27.36 6.4 27.28 6.48 27.28 6.6V15.16H27.18L22.380000000000003 6.6C22.3 6.459999999999999 22.18 6.4 22.04 6.4H19.64C19.52 6.4 19.44 6.48 19.44 6.6Z", "M37.26 19.8C37.26 19.92 37.34 20.0 37.46 20.0H39.72C39.84 20.0 39.92 19.92 39.92 19.8V11.26H40.02L44.84 19.8C44.92 19.94 45.02 20.0 45.18 20.0H47.56C47.68 20.0 47.760000000000005 19.92 47.760000000000005 19.8V6.6C47.760000000000005 6.48 47.68 6.4 47.56 6.4H45.3C45.18 6.4 45.1 6.48 45.1 6.6V15.16H45.0L40.2 6.6C40.120000000000005 6.459999999999999 40.0 6.4 39.86 6.4H37.46C37.34 6.4 37.26 6.48 37.26 6.6Z", "M54.46 20.22C56.24 20.22 57.660000000000004 19.58 58.58 18.6C58.660000000000004 18.52 58.660000000000004 18.4 58.56 18.32L57.24 17.08C57.160000000000004 16.98 57.06 17.0 56.96 17.08C56.400000000000006 17.6 55.7 17.94 54.74 17.94C53.74 17.94 53.0 17.5 52.74 16.66C52.68 16.5 52.64 16.32 52.620000000000005 16.12C52.620000000000005 16.04 52.660000000000004 16.0 52.74 16.0H58.6C58.74 16.0 58.82 15.92 58.82 15.8C58.82 14.16 58.7 13.46 58.5 12.82C57.940000000000005 11.12 56.46 10.1 54.32 10.1C52.260000000000005 10.1 50.72 11.1 50.160000000000004 12.84C49.96 13.44 49.84 14.14 49.84 15.16C49.84 16.16 49.980000000000004 16.86 50.18 17.46C50.74 19.2 52.260000000000005 20.22 54.46 20.22ZM52.74 14.14C52.660000000000004 14.14 52.620000000000005 14.1 52.620000000000005 14.02C52.620000000000005 13.719999999999999 52.660000000000004 13.5 52.72 13.3C52.940000000000005 12.64 53.540000000000006 12.24 54.34 12.24C55.14 12.24 55.74 12.64 55.96 13.3C56.02 13.5 56.06 13.719999999999999 56.06 14.02C56.06 14.1 56.02 14.14 55.940000000000005 14.14Z", "M69.38 20.0C69.56 20.0 69.6 19.9 69.54 19.8L66.28 14.98L69.3 10.52C69.36 10.42 69.32000000000001 10.32 69.14 10.32H66.56C66.42 10.32 66.34 10.379999999999999 66.24000000000001 10.5L64.76 12.780000000000001H64.74L63.28 10.5C63.18 10.36 63.08 10.32 62.94 10.32H60.34C60.18 10.32 60.14 10.42 60.2 10.52L63.22 14.98L59.96 19.8C59.9 19.9 59.940000000000005 20.0 60.1 20.0H62.68C62.82 20.0 62.9 19.94 63.0 19.82L64.72 17.18H64.74L66.48 19.82C66.56 19.94 66.64 20.0 66.78 20.0Z", "M75.5 20.12C75.62 20.12 75.7 20.04 75.7 19.92V17.94C75.7 17.82 75.62 17.74 75.5 17.74H75.02000000000001C74.38000000000001 17.74 74.14 17.5 74.14 16.78V12.5C74.14 12.42 74.18 12.379999999999999 74.26 12.379999999999999H75.5C75.62 12.379999999999999 75.7 12.3 75.7 12.18V10.52C75.7 10.4 75.62 10.32 75.5 10.32H74.26C74.18 10.32 74.14 10.28 74.14 10.2V7.6C74.14 7.48 74.06 7.4 73.94000000000001 7.4H71.56C71.44000000000001 7.4 71.36 7.48 71.36 7.6V10.2C71.36 10.28 71.32000000000001 10.32 71.24000000000001 10.32H70.64C70.52000000000001 10.32 70.44000000000001 10.4 70.44000000000001 10.52V12.18C70.44000000000001 12.3 70.52000000000001 12.379999999999999 70.64 12.379999999999999H71.24000000000001C71.32000000000001 12.379999999999999 71.36 12.42 71.36 12.5V16.9C71.36 19.12 72.2 20.12 74.44000000000001 20.12Z", "M82.54 19.8C82.54 19.92 82.62 20.0 82.74000000000001 20.0H91.60000000000001C91.72000000000001 20.0 91.80000000000001 19.92 91.80000000000001 19.8V17.58C91.80000000000001 17.46 91.72000000000001 17.38 91.60000000000001 17.38H85.60000000000001C85.52000000000001 17.38 85.48 17.34 85.48 17.259999999999998V6.6C85.48 6.48 85.4 6.4 85.28000000000002 6.4H82.74000000000001C82.62 6.4 82.54 6.48 82.54 6.6Z", "M99.08000000000001 20.0C99.2 20.0 99.28000000000002 19.92 99.28000000000002 19.8V9.14C99.28000000000002 9.06 99.32000000000001 9.02 99.4 9.02H102.84C102.96000000000001 9.02 103.04 8.94 103.04 8.82V6.6C103.04 6.48 102.96000000000001 6.4 102.84 6.4H92.78000000000002C92.66000000000001 6.4 92.58000000000001 6.48 92.58000000000001 6.6V8.82C92.58000000000001 8.94 92.66000000000001 9.02 92.78000000000002 9.02H96.22000000000001C96.30000000000001 9.02 96.34 9.06 96.34 9.14V19.8C96.34 19.92 96.42000000000002 20.0 96.54 20.0Z", "M112.14000000000001 20.0C112.26 20.0 112.34 19.92 112.34 19.8V15.26C112.34 15.18 112.38000000000001 15.14 112.46000000000001 15.14H114.88000000000001C117.82000000000001 15.14 119.62 13.34 119.62 10.78C119.62 8.18 117.84 6.4 114.88000000000001 6.4H109.60000000000001C109.48 6.4 109.4 6.48 109.4 6.6V19.8C109.4 19.92 109.48 20.0 109.60000000000001 20.0ZM114.7 12.6H112.46000000000001C112.38000000000001 12.6 112.34 12.559999999999999 112.34 12.48V9.06C112.34 8.98 112.38000000000001 8.94 112.46000000000001 8.94H114.7C115.94000000000001 8.94 116.68 9.68 116.68 10.78C116.68 11.879999999999999 115.94000000000001 12.6 114.7 12.6Z", "M124.06 20.0C124.18 20.0 124.26 19.92 124.26 19.8V14.7C124.26 13.399999999999999 124.72 12.64 125.76 12.6C126.24000000000001 12.58 126.7 12.74 127.16 13.04C127.28 13.1 127.36 13.1 127.44 13.0L128.56 10.959999999999999C128.62 10.84 128.6 10.76 128.5 10.68C128.08 10.32 127.44 10.1 126.8 10.1C125.62 10.1 124.74000000000001 10.56 124.28 11.34H124.26V10.52C124.26 10.4 124.18 10.32 124.06 10.32H121.66C121.54 10.32 121.46000000000001 10.4 121.46000000000001 10.52V19.8C121.46000000000001 19.92 121.54 20.0 121.66 20.0Z", "M134.02 20.22C136.06 20.22 137.66 19.26 138.22 17.5C138.44 16.8 138.54 16.12 138.54 15.16C138.54 14.2 138.44 13.52 138.22 12.82C137.66 11.06 136.06 10.1 134.02 10.1C131.98 10.1 130.38 11.06 129.82 12.82C129.6 13.52 129.5 14.2 129.5 15.16C129.5 16.12 129.6 16.8 129.82 17.5C130.38 19.26 131.98 20.22 134.02 20.22ZM134.02 17.86C133.28 17.86 132.74 17.5 132.52 16.82C132.38 16.38 132.34 15.98 132.34 15.16C132.34 14.34 132.38 13.94 132.52 13.5C132.74 12.82 133.28 12.46 134.02 12.46C134.76 12.46 135.3 12.82 135.52 13.5C135.66 13.94 135.7 14.34 135.7 15.16C135.7 15.98 135.66 16.38 135.52 16.82C135.3 17.5 134.76 17.86 134.02 17.86Z", "M145.34 19.8C145.34 19.92 145.42 20.0 145.54 20.0H150.7C153.64 20.0 155.42 18.72 155.42 16.04C155.42 14.42 154.5 13.3 153.6 12.96V12.92C154.5 12.42 155.18 11.5 155.18 10.02C155.18 7.859999999999999 153.79999999999998 6.4 150.84 6.4H145.54C145.42 6.4 145.34 6.48 145.34 6.6ZM148.4 11.959999999999999C148.32 11.959999999999999 148.28 11.92 148.28 11.84V8.9C148.28 8.82 148.32 8.78 148.4 8.78H150.48C151.6 8.78 152.26 9.36 152.26 10.36C152.26 11.36 151.6 11.959999999999999 150.48 11.959999999999999ZM148.28 17.5V14.34C148.28 14.26 148.32 14.219999999999999 148.4 14.219999999999999H150.64C151.84 14.219999999999999 152.48 14.879999999999999 152.48 15.92C152.48 16.98 151.84 17.62 150.64 17.62H148.4C148.32 17.62 148.28 17.58 148.28 17.5Z", "M161.54 20.22C163.57999999999998 20.22 165.17999999999998 19.26 165.73999999999998 17.5C165.95999999999998 16.8 166.05999999999997 16.12 166.05999999999997 15.16C166.05999999999997 14.2 165.95999999999998 13.52 165.73999999999998 12.82C165.17999999999998 11.06 163.57999999999998 10.1 161.54 10.1C159.49999999999997 10.1 157.89999999999998 11.06 157.33999999999997 12.82C157.11999999999998 13.52 157.01999999999998 14.2 157.01999999999998 15.16C157.01999999999998 16.12 157.11999999999998 16.8 157.33999999999997 17.5C157.89999999999998 19.26 159.49999999999997 