{"width": 123.46000000000001, "height": 20, "dataStrings": ["M11.32 20.0H11.72V14.14H7.86V14.76H10.1V17.52C9.620000000000001 19.0 8.28 19.66 6.92 19.66C4.64 19.66 2.98 18.42 2.98 13.54C2.98 8.72 4.6000000000000005 7.18 7.1000000000000005 7.18C9.16 7.18 10.72 8.34 11.08 10.52H11.48C11.120000000000001 8.02 9.4 6.6 7.04 6.6C3.34 6.6 1.24 9.799999999999999 1.24 13.54C1.24 17.3 3.3200000000000003 20.2 6.86 20.2C8.38 20.2 9.52 19.54 10.200000000000001 18.38C10.64 18.68 11.32 19.16 11.32 20.0Z", "M16.46 12.94V11.0H15.06V20.0H16.46V13.879999999999999C16.46 12.84 17.439999999999998 12.059999999999999 18.96 12.059999999999999C19.58 12.059999999999999 19.78 12.08 20.08 12.16V10.84C19.92 10.82 19.7 10.799999999999999 19.52 10.799999999999999C17.78 10.799999999999999 16.78 12.04 16.46 12.94Z", "M25.0 19.6C23.900000000000002 19.6 23.360000000000003 18.96 23.360000000000003 17.94C23.360000000000003 16.46 24.18 15.92 25.68 15.64L27.32 15.34V17.54C27.32 18.36 26.240000000000002 19.6 25.0 19.6ZM27.32 20.0H28.720000000000002V14.04C28.720000000000002 12.34 27.82 10.78 25.44 10.78C23.840000000000003 10.78 22.520000000000003 11.64 22.46 13.46H22.700000000000003C22.78 12.16 23.82 11.44 25.080000000000002 11.44C26.340000000000003 11.44 27.32 12.2 27.32 14.04V14.92L24.840000000000003 15.399999999999999C22.96 15.76 21.8 16.38 21.8 18.1C21.8 19.44 22.78 20.2 24.340000000000003 20.2C25.96 20.2 26.94 19.26 27.32 18.42Z", "M33.48 12.92V11.0H32.08V20.0H33.48V14.08C33.48 12.94 34.6 11.44 36.1 11.44C37.34 11.44 38.22 12.120000000000001 38.22 14.08V20.0H39.64V13.780000000000001C39.64 12.08 38.58 10.799999999999999 36.6 10.799999999999999C34.9 10.799999999999999 33.78 11.94 33.48 12.92Z", "M45.5 20.1H45.76L49.54 11.0H49.059999999999995L46.18 18.16L43.22 11.0H41.699999999999996Z", "M53.08 6.68H51.68V8.14H53.08ZM53.08 11.0H51.68V20.0H53.08Z", "M57.919999999999995 5.299999999999999H56.519999999999996V20.0H57.919999999999995Z", "M62.76 5.299999999999999H61.36V20.0H62.76Z", "M69.42 11.26C70.54 11.26 71.56 11.959999999999999 71.56 14.54H67.06C67.22 11.959999999999999 68.14 11.26 69.42 11.26ZM72.96000000000001 17.259999999999998H72.68C72.5 18.8 71.2 19.6 69.76 19.6C68.28 19.6 67.02000000000001 18.9 67.02000000000001 15.52C67.02000000000001 15.32 67.02000000000001 15.14 67.02000000000001 14.96H73.12C73.12 12.52 71.62 10.799999999999999 69.4 10.799999999999999C66.92 10.799999999999999 65.46000000000001 13.0 65.46000000000001 15.58C65.46000000000001 18.6 67.06 20.2 69.54 20.2C71.32000000000001 20.2 72.82000000000001 18.94 72.96000000000001 17.259999999999998Z", "M81.77999999999999 20.0H89.16V19.38H83.41999999999999V6.799999999999999H81.77999999999999Z", "M92.92 6.68H91.52V8.14H92.92ZM92.92 11.0H91.52V20.0H92.92Z", "M97.74 14.32C97.74 12.04 98.48 11.22 99.58 11.22C100.64 11.22 101.36 11.86 101.36 14.18C101.36 16.5 100.64 17.28 99.58 17.28C98.48 17.28 97.74 16.6 97.74 14.32ZM103.9 21.86C103.9 20.3 102.7 19.6 100.38 19.6H98.88C97.2 19.6 96.34 19.34 96.34 18.4C96.34 17.82 96.72 17.38 97.42 17.0C97.96000000000001 17.42 98.68 17.7 99.58 17.7C101.68 17.7 102.9 16.0 102.9 14.18C102.9 13.32 102.64 12.6 102.2 12.04C102.82 11.98 103.62 11.94 104.34 11.94V10.44H104.28L101.98 11.78C101.36 11.16 100.52 10.799999999999999 99.58 10.799999999999999C97.46 10.799999999999999 96.22 12.54 96.22 14.32C96.22 15.219999999999999 96.54 16.16 97.22 16.8C96.2 17.42 95.74 18.08 95.74 18.96C95.74 19.68 96.1 20.42 96.98 20.8C96.18 21.38 95.34 22.06 95.34 23.06C95.34 24.2 96.7 25.0 98.82 25.0C102.14 25.0 103.9 23.66 103.9 21.86ZM99.16 24.5C96.74 24.5 96.16 23.78 96.16 22.82C96.16 22.14 96.34 21.46 97.3 20.92C97.62 21.0 97.98 21.06 98.42 21.06H100.52C102.5 21.06 103.16 21.4 103.16 22.36C103.16 23.52 101.46000000000001 24.5 99.16 24.5Z", "M107.84 12.92V5.299999999999999H106.44V20.0H107.84V14.08C107.84 12.94 108.96 11.44 110.46 11.44C111.7 11.44 112.58 12.120000000000001 112.58 14.08V20.0H114.0V13.780000000000001C114.0 12.08 112.94 10.799999999999999 110.96 10.799999999999999C109.26 10.799999999999999 108.14 11.94 107.84 12.92Z", "M122.68 18.06H122.4C122.24000000000001 19.18 121.72 19.72 120.78 19.72C119.96000000000001 19.72 119.26 19.16 119.26 17.36V11.42H122.0V11.0H119.26V7.4H119.06C119.04 9.14 118.4 10.44 117.82000000000001 11.0H116.06V11.42H117.82000000000001V16.82C117.82000000000001 19.0 118.76 20.22 120.54 20.22C121.74000000000001 20.22 122.52000000000001 19.64 122.68 18.06Z"]}