{"width": 144.16, "height": 20, "dataStrings": ["M1.0 8.58C1.0 10.56 2.02 11.74 3.34 12.68L5.04 13.899999999999999C5.94 14.54 6.6000000000000005 15.280000000000001 6.6000000000000005 16.4C6.6000000000000005 17.4 5.94 18.0 4.9 18.0C3.88 18.0 3.2 17.259999999999998 3.2 16.06V15.0H0.8V16.2C0.8 18.78 2.64 20.2 4.9 20.2C7.16 20.2 9.0 18.84 9.0 16.1C9.0 14.18 7.94 13.0 6.640000000000001 12.059999999999999L4.88 10.799999999999999C4.04 10.2 3.4 9.58 3.4 8.58C3.4 7.5600000000000005 4.0 7.0 4.88 7.0C5.82 7.0 6.4 7.58 6.4 8.86V9.799999999999999H8.8V8.799999999999999C8.8 6.1 7.0600000000000005 4.799999999999999 4.88 4.799999999999999C2.74 4.799999999999999 1.0 5.879999999999999 1.0 8.58Z", "M14.100000000000001 16.58V12.1H16.700000000000003V10.0H14.100000000000001V7.0H11.700000000000001V10.0H10.100000000000001V12.1H11.700000000000001V16.74C11.700000000000001 19.42 13.14 20.2 15.120000000000001 20.2C15.700000000000001 20.2 16.340000000000003 20.08 16.700000000000003 19.96V17.82C16.36 17.94 15.940000000000001 18.0 15.600000000000001 18.0C14.560000000000002 18.0 14.100000000000001 17.56 14.100000000000001 16.58Z", "M21.3 14.899999999999999C21.3 13.219999999999999 22.34 12.3 24.12 12.3C24.52 12.3 24.88 12.36 25.16 12.46V9.84C25.04 9.799999999999999 24.84 9.799999999999999 24.66 9.799999999999999C23.2 9.799999999999999 22.02 10.44 21.3 11.62V10.0H18.9V20.0H21.3Z", "M33.0 20.0H35.36V13.04C35.36 10.7 33.32 9.799999999999999 31.120000000000005 9.799999999999999C28.880000000000003 9.799999999999999 26.76 10.799999999999999 26.76 13.399999999999999H29.26C29.26 12.280000000000001 30.020000000000003 11.7 31.120000000000005 11.7C32.160000000000004 11.7 32.96 12.16 32.96 12.94C32.96 14.94 26.46 13.02 26.46 17.32C26.46 19.34 28.1 20.2 29.82 20.2C31.200000000000003 20.2 32.36 19.7 33.0 18.52ZM28.92 17.16C28.92 15.879999999999999 31.400000000000002 16.08 33.0 15.42V15.879999999999999C33.0 17.4 31.720000000000002 18.2 30.32 18.2C29.520000000000003 18.2 28.92 17.86 28.92 17.16Z", "M40.96 16.58V12.1H43.56V10.0H40.96V7.0H38.56V10.0H36.96V12.1H38.56V16.74C38.56 19.42 40.0 20.2 41.980000000000004 20.2C42.56 20.2 43.2 20.08 43.56 19.96V17.82C43.22 17.94 42.800000000000004 18.0 42.46 18.0C41.42 18.0 40.96 17.56 40.96 16.58Z", "M50.16 20.2C53.08 20.2 55.26 18.06 55.26 15.0C55.26 11.94 53.08 9.799999999999999 50.16 9.799999999999999C47.24 9.799999999999999 45.06 11.94 45.06 15.0C45.06 18.06 47.24 20.2 50.16 20.2ZM50.16 18.0C48.62 18.0 47.46 16.8 47.46 15.0C47.46 13.2 48.62 12.0 50.16 12.0C51.7 12.0 52.86 13.2 52.86 15.0C52.86 16.8 51.7 18.0 50.16 18.0Z", "M65.24 17.12C65.24 13.0 59.36 14.64 59.36 12.719999999999999C59.36 12.08 59.96 11.7 60.86 11.7C61.84 11.7 62.56 12.34 62.56 13.18H65.06C65.06 11.28 63.26 9.799999999999999 60.86 9.799999999999999C58.64 9.799999999999999 56.94 10.959999999999999 56.94 12.82C56.94 16.9 62.76 15.1 62.76 17.22C62.76 17.96 62.160000000000004 18.32 61.160000000000004 18.32C60.08 18.32 59.26 17.78 59.26 16.7H56.76C56.76 18.92 58.660000000000004 20.2 61.160000000000004 20.2C63.5 20.2 65.24 19.02 65.24 17.12Z", "M82.44 20.0H84.84V5.0H80.68L78.44 16.52L76.12 5.0H72.04V20.0H74.24V6.879999999999999L76.9 20.0H79.8L82.44 6.98Z", "M96.86 15.0C96.86 11.94 94.75999999999999 9.799999999999999 91.89999999999999 9.799999999999999C89.03999999999999 9.799999999999999 86.94 11.94 86.94 15.0C86.94 18.06 89.03999999999999 20.2 91.89999999999999 20.2C94.25999999999999 20.2 96.0 19.08 96.6 17.0H94.0C93.67999999999999 17.7 93.06 18.1 92.0 18.1C90.52 18.1 89.56 17.259999999999998 89.3 15.8H96.82C96.83999999999999 15.54 96.86 15.280000000000001 96.86 15.0ZM91.89999999999999 11.9C93.3 11.9 94.22 12.7 94.47999999999999 14.1H89.32C89.58 12.7 90.5 11.9 91.89999999999999 11.9Z", "M106.06 20.0H108.46000000000001V5.0H106.06V11.26C105.32000000000001 10.34 104.26 9.799999999999999 103.06 9.799999999999999C100.32000000000001 9.799999999999999 98.26 11.94 98.26 15.0C98.26 18.06 100.32000000000001 20.2 103.06 20.2C104.26 20.2 105.32000000000001 19.66 106.06 18.74ZM103.36 12.0C104.9 12.0 106.06 13.2 106.06 15.0C106.06 16.8 104.9 18.0 103.36 18.0C101.82000000000001 18.0 100.66 16.8 100.66 15.0C100.66 13.2 101.82000000000001 12.0 103.36 12.0Z", "M112.46 8.0C113.34 8.0 113.96 7.34 113.96 6.5C113.96 5.640000000000001 113.34 5.0 112.46 5.0C111.6 5.0 110.96 5.640000000000001 110.96 6.5C110.96 7.34 111.6 8.0 112.46 8.0ZM113.66 20.0V10.0H111.26V20.0Z", "M122.86 20.0H125.26V10.0H122.86V15.5C122.86 17.18 122.08 18.1 120.82000000000001 18.1C119.54 18.1 118.76 17.18 118.76 15.5V10.0H116.36V15.98C116.36 18.8 117.94 20.2 120.04 20.2C121.24000000000001 20.2 122.26 19.62 122.86 18.58Z", "M130.46 14.3C130.46 12.74 131.18 11.9 132.35999999999999 11.9C133.54 11.9 134.26 12.74 134.26 14.3V20.0H136.66V14.3C136.66 12.74 137.38 11.9 138.56 11.9C139.74 11.9 140.46 12.74 140.46 14.3V20.0H142.85999999999999V13.82C142.85999999999999 11.14 141.35999999999999 9.799999999999999 139.34 9.799999999999999C137.96 9.799999999999999 136.82 10.459999999999999 136.22 11.64C135.64 10.42 134.5 9.799999999999999 133.14 9.799999999999999C132.0 9.799999999999999 131.04 10.34 130.46 11.299999999999999V10.0H128.06V20.0H130.46Z"]}