{"width": 221.3, "height": 20, "dataStrings": ["M10.22 16.24C10.22 15.36 9.96 14.620000000000001 9.46 14.04C9.06 13.58 8.56 13.2 7.46 12.44L5.5 11.12C4.04 10.12 3.8200000000000003 9.879999999999999 3.8200000000000003 9.1C3.8200000000000003 7.9399999999999995 4.64 7.359999999999999 6.26 7.359999999999999C6.72 7.359999999999999 7.0600000000000005 7.379999999999999 7.66 7.5L8.700000000000001 10.16H9.82V6.9L8.64 6.6C7.48 6.32 6.54 6.199999999999999 5.8 6.199999999999999C3.46 6.199999999999999 0.9 7.299999999999999 0.9 10.0C0.9 10.879999999999999 1.3 11.7 2.1 12.44C2.32 12.68 2.52 12.82 3.5 13.46L5.48 14.76C6.3 15.3 7.08 15.92 7.08 16.98C7.08 17.48 6.92 17.9 6.640000000000001 18.24C6.22 18.68 5.48 18.94 4.48 18.94C4.16 18.94 3.7800000000000002 18.9 3.08 18.78L2.02 16.04H0.9V19.38C0.9 19.38 1.54 19.54 2.3000000000000003 19.72C2.94 19.86 4.0 20.1 5.5600000000000005 20.1C6.8 20.1 7.86 19.8 8.66 19.26C9.64 18.58 10.22 17.52 10.22 16.24Z", "M27.46 10.58V9.959999999999999H23.4V10.58L24.759999999999998 11.379999999999999L22.759999999999998 16.42C22.560000000000002 15.82 22.46 15.32 22.259999999999998 14.76L20.66 9.959999999999999H19.119999999999997L16.8 16.42C16.6 15.68 16.48 15.34 16.3 14.8L15.059999999999999 11.379999999999999L16.4 10.58V9.959999999999999H10.719999999999999V10.58L12.0 11.379999999999999L15.379999999999999 20.2H16.74L19.14 13.66C19.86 15.84 20.58 18.02 21.28 20.2H22.560000000000002L26.240000000000002 11.379999999999999Z", "M32.34 7.119999999999999C32.34 6.299999999999999 31.76 5.9 30.52 5.9C29.28 5.9 28.7 6.299999999999999 28.7 7.16C28.7 8.06 29.240000000000002 8.44 30.52 8.44C31.78 8.44 32.34 8.04 32.34 7.119999999999999ZM33.86 20.0V19.38L32.14 18.58V9.7L27.26 10.52V11.16L29.0 11.7V18.58L27.26 19.38V20.0Z", "M43.58 8.14V6.0600000000000005C42.56 5.859999999999999 41.78 5.699999999999999 40.82 5.699999999999999C37.8 5.699999999999999 35.88 7.26 35.88 9.68V9.959999999999999H34.36V11.18H35.88V18.58L34.14 19.38V20.0H41.14V19.38L39.019999999999996 18.58V11.18H41.54V9.959999999999999H39.019999999999996V8.98C39.019999999999996 8.14 39.16 7.5600000000000005 39.48 7.199999999999999C39.76 6.879999999999999 40.18 6.719999999999999 40.72 6.719999999999999C40.82 6.719999999999999 40.96 6.719999999999999 41.1 6.74L41.82 8.14Z", "M49.48 19.5 49.279999999999994 18.58C48.63999999999999 18.68 48.16 18.74 47.67999999999999 18.74C47.099999999999994 18.74 46.62 18.56 46.379999999999995 18.24C46.199999999999996 17.98 46.13999999999999 17.64 46.13999999999999 16.94V11.18H49.3V9.959999999999999H46.13999999999999V7.52H44.81999999999999C44.519999999999996 8.14 43.919999999999995 9.1 43.699999999999996 9.32C43.379999999999995 9.66 42.76 9.94 41.48 10.36V11.18H42.99999999999999V17.64C42.99999999999999 18.78 43.3 19.42 43.879999999999995 19.78C44.339999999999996 20.06 45.03999999999999 20.2 45.739999999999995 20.2C46.239999999999995 20.2 47.26 20.1 48.199999999999996 19.84Z", "M69.94 7.02V6.4H64.96V7.02L66.6 7.82V15.059999999999999L59.81999999999999 6.4H55.58V7.02L57.31999999999999 7.82V18.58L55.58 19.38V20.0H60.53999999999999V19.38L58.919999999999995 18.58V10.04L66.78 20.2H68.22V7.82Z", "M80.02 14.86C79.97999999999999 13.1 79.83999999999999 12.3 79.32 11.44C78.67999999999999 10.36 77.41999999999999 9.74 75.75999999999999 9.74C74.33999999999999 9.74 73.32 10.1 72.38 10.879999999999999C71.17999999999999 11.9 70.52 13.48 70.52 15.16C70.52 18.24 72.46 20.2 75.55999999999999 20.2C76.32 20.2 77.27999999999999 20.04 78.47999999999999 19.7C78.91999999999999 19.58 79.89999999999999 19.26 79.89999999999999 19.26L79.72 18.4C78.41999999999999 18.64 77.74 18.74 77.13999999999999 18.74C75.89999999999999 18.74 74.96 18.3 74.35999999999999 17.44C73.83999999999999 16.7 73.67999999999999 16.02 73.67999999999999 14.86ZM76.94 13.52 73.69999999999999 13.8C73.74 11.6 74.19999999999999 10.76 75.35999999999999 10.76C75.96 10.76 76.33999999999999 10.94 76.58 11.44C76.8 11.879999999999999 76.89999999999999 12.54 76.94 13.52Z", "M93.67999999999999 19.46V18.84L91.96 18.32V9.7L87.08 10.52V11.16L88.82 11.7V18.38C88.28 18.46 88.0 18.52 87.46 18.52C86.5 18.52 86.08 18.36 85.8 17.92C85.52 17.54 85.46 17.14 85.46 16.04V9.7L80.6 10.52V11.16L82.33999999999999 11.7V16.66C82.33999999999999 18.08 82.53999999999999 18.76 83.11999999999999 19.38C83.64 19.88 84.39999999999999 20.2 85.28 20.2C85.74 20.2 86.08 20.1 86.88 19.82C87.53999999999999 19.6 88.16 19.4 88.82 19.14V20.26Z", "M103.86 14.86C103.82 13.1 103.67999999999999 12.3 103.16 11.44C102.52 10.36 101.25999999999999 9.74 99.6 9.74C98.17999999999999 9.74 97.16 10.1 96.22 10.879999999999999C95.02 11.9 94.36 13.48 94.36 15.16C94.36 18.24 96.3 20.2 99.39999999999999 20.2C100.16 20.2 101.11999999999999 20.04 102.32 19.7C102.75999999999999 19.58 103.74 19.26 103.74 19.26L103.56 18.4C102.25999999999999 18.64 101.58 18.74 100.97999999999999 18.74C99.74 18.74 98.8 18.3 98.19999999999999 17.44C97.67999999999999 16.7 97.52 16.02 97.52 14.86ZM100.78 13.52 97.53999999999999 13.8C97.58 11.6 98.03999999999999 10.76 99.19999999999999 10.76C99.8 10.76 100.17999999999999 10.94 100.42 11.44C100.64 11.879999999999999 100.74 12.54 100.78 13.52Z", "M120.9 16.56H119.78L118.52 19.0H115.56V7.82L117.3 7.02V6.4H110.6V7.02L112.34 7.82V18.6L110.6 19.38V20.0H120.56Z", "M131.66 10.16V6.4H119.7V10.16H120.82L121.82 7.4H124.06V18.58L121.84 19.38V20.0H129.54V19.38L127.32 18.58V7.4H129.52L130.54 10.16Z", "M149.39999999999998 10.2C149.39999999999998 8.959999999999999 148.77999999999997 7.76 147.82 7.18C146.89999999999998 6.619999999999999 145.71999999999997 6.4 143.67999999999998 6.4H137.73999999999998V7.02L139.48 7.799999999999999V18.58L137.73999999999998 19.38V20.0H144.44V19.38L142.7 18.58V14.32H143.98C145.6 14.32 146.94 13.92 147.88 13.2C148.83999999999997 12.48 149.39999999999998 11.459999999999999 149.39999999999998 10.2ZM146.05999999999997 10.2C146.05999999999997 12.1 145.27999999999997 13.3 143.2 13.3H142.7V7.4H143.48C145.29999999999998 7.4 146.05999999999997 8.459999999999999 146.05999999999997 10.2Z", "M158.81999999999996 12.899999999999999V10.24C158.14 9.86 157.85999999999999 9.74 157.29999999999998 9.74C156.61999999999998 9.74 155.93999999999997 10.04 154.55999999999997 10.82V9.7L149.67999999999998 10.52V11.18L151.42 11.7V18.58L149.67999999999998 19.38V20.0H156.67999999999998V19.38L154.55999999999997 18.58V11.64C155.03999999999996 11.48 155.21999999999997 11.44 155.83999999999997 11.44H156.03999999999996L156.59999999999997 12.899999999999999Z", "M170.26 14.8C170.26 11.54 167.83999999999997 9.74 164.77999999999997 9.74C161.53999999999996 9.74 159.09999999999997 11.78 159.09999999999997 15.18C159.09999999999997 18.28 161.21999999999997 20.3 164.64 20.3C167.87999999999997 20.3 170.26 18.2 170.26 14.8ZM166.99999999999997 15.16C166.99999999999997 16.72 166.67999999999998 19.08 164.67999999999998 19.08C162.7 19.08 162.33999999999997 16.259999999999998 162.33999999999997 14.76C162.33999999999997 12.26 163.15999999999997 10.86 164.64 10.86C166.65999999999997 10.86 166.99999999999997 13.620000000000001 166.99999999999997 15.16Z", "M188.85999999999999 16.3C188.85999999999999 14.8 187.93999999999997 13.620000000000001 186.39999999999998 13.18C185.93999999999997 13.04 185.6 12.98 184.85999999999999 12.92C185.65999999999997 12.8 185.95999999999998 12.7 186.38 12.52C187.51999999999998 12.04 188.26 10.94 188.26 9.68C188.26 8.72 187.79999999999998 7.779999999999999 187.05999999999997 7.24C186.29999999999998 6.640000000000001 185.26 6.4 183.67999999999998 6.4H176.89999999999998V7.02L178.64 7.799999999999999V18.6L176.89999999999998 19.38V20.0H183.32C185.2 20.0 186.32 19.78 187.23999999999998 19.18C188.26 18.54 188.85999999999999 17.46 188.85999999999999 16.3ZM184.89999999999998 9.879999999999999C184.89999999999998 11.44 184.29999999999998 12.6 182.6 12.6H181.76V7.4H182.64C184.27999999999997 7.4 184.89999999999998 8.36 184.89999999999998 9.879999999999999ZM185.51999999999998 16.259999999999998C185.51999999999998 18.22 184.6 19.0 182.67999999999998 19.0H181.76V13.52H182.7C184.48 13.52 