{"width": 191.98000000000002, "height": 20, "dataStrings": ["M0.48 5.6V9.44C0.48 9.48 0.5 9.5 0.54 9.5H0.64C0.68 9.5 0.7000000000000001 9.48 0.7000000000000001 9.4C1.26 6.299999999999999 1.78 5.9 4.04 5.9H5.46C5.5 5.9 5.5200000000000005 5.92 5.5200000000000005 5.959999999999999V19.64C5.5200000000000005 19.68 5.5 19.7 5.46 19.7H3.52C3.48 19.7 3.48 19.72 3.48 19.76V19.94C3.48 19.98 3.48 20.0 3.52 20.0H9.06C9.1 20.0 9.1 19.98 9.1 19.94V19.76C9.1 19.72 9.1 19.7 9.06 19.7H7.12C7.08 19.7 7.0600000000000005 19.68 7.0600000000000005 19.64V5.959999999999999C7.0600000000000005 5.92 7.08 5.9 7.12 5.9H8.540000000000001C10.8 5.9 11.32 6.299999999999999 11.88 9.4C11.88 9.48 11.9 9.5 11.94 9.5H12.040000000000001C12.08 9.5 12.1 9.48 12.1 9.44V5.6Z", "M17.92 19.94V19.76C17.92 19.72 17.9 19.7 17.86 19.7H16.18C16.14 19.7 16.12 19.68 16.12 19.64V14.74C16.12 12.559999999999999 17.0 11.1 18.46 11.1C19.12 11.1 19.46 11.36 19.46 11.64C19.46 11.82 19.38 11.92 19.18 12.1L18.98 12.280000000000001C18.759999999999998 12.46 18.64 12.64 18.64 12.879999999999999C18.64 13.32 19.0 13.559999999999999 19.4 13.559999999999999C19.96 13.559999999999999 20.36 13.08 20.36 12.42C20.36 11.52 19.7 10.799999999999999 18.6 10.799999999999999C17.32 10.799999999999999 16.44 11.68 16.08 13.14V11.06C16.08 11.02 16.06 11.0 16.04 11.0H13.120000000000001C13.08 11.0 13.06 11.02 13.06 11.06V11.24C13.06 11.28 13.08 11.299999999999999 13.120000000000001 11.299999999999999H14.64C14.68 11.299999999999999 14.7 11.32 14.7 11.36V19.64C14.7 19.68 14.68 19.7 14.64 19.7H13.120000000000001C13.08 19.7 13.06 19.72 13.06 19.76V19.94C13.06 19.98 13.08 20.0 13.120000000000001 20.0H17.86C17.9 20.0 17.92 19.98 17.92 19.94Z", "M22.86 6.959999999999999C22.86 7.539999999999999 23.3 7.959999999999999 23.84 7.959999999999999C24.4 7.959999999999999 24.82 7.539999999999999 24.82 6.959999999999999C24.82 6.4 24.4 5.959999999999999 23.84 5.959999999999999C23.28 5.959999999999999 22.86 6.4 22.86 6.959999999999999ZM24.58 19.64V11.06C24.58 11.02 24.58 11.0 24.54 11.0H21.58C21.54 11.0 21.52 11.02 21.52 11.06V11.24C21.52 11.28 21.54 11.299999999999999 21.58 11.299999999999999H23.099999999999998C23.14 11.299999999999999 23.16 11.32 23.16 11.36V19.64C23.16 19.68 23.14 19.7 23.099999999999998 19.7H21.58C21.54 19.7 21.52 19.72 21.52 19.76V19.94C21.52 19.98 21.54 20.0 21.58 20.0H26.06C26.1 20.0 26.119999999999997 19.98 26.119999999999997 19.94V19.76C26.119999999999997 19.72 26.1 19.7 26.06 19.7H24.64C24.599999999999998 19.7 24.58 19.68 24.58 19.64Z", "M30.880000000000003 19.78C29.76 19.78 29.16 19.1 29.16 17.759999999999998C29.16 16.38 29.66 15.9 30.92 15.54C31.6 15.36 32.300000000000004 15.219999999999999 32.9 15.08V17.4C32.88 19.02 32.02 19.78 30.880000000000003 19.78ZM34.82 20.16C35.400000000000006 20.16 35.78 19.98 36.1 19.72V19.66L35.980000000000004 19.52H35.94C35.72 19.7 35.46 19.8 35.14 19.8C34.620000000000005 19.8 34.32 19.5 34.32 18.48V14.36C34.32 11.959999999999999 33.160000000000004 10.799999999999999 30.92 10.799999999999999C29.18 10.799999999999999 28.060000000000002 11.879999999999999 28.060000000000002 13.1C28.060000000000002 13.780000000000001 28.48 14.24 29.040000000000003 14.24C29.46 14.24 29.82 13.94 29.82 13.52C29.82 13.26 29.700000000000003 13.08 29.42 12.879999999999999L29.12 12.7C28.94 12.58 28.860000000000003 12.42 28.860000000000003 12.219999999999999C28.860000000000003 11.6 29.78 11.1 30.86 11.1C32.54 11.1 32.9 11.959999999999999 32.9 13.76V14.84C32.18 15.0 31.3 15.16 30.360000000000003 15.42C28.5 15.9 27.66 16.62 27.66 17.9C27.66 19.5 29.060000000000002 20.22 30.5 20.22C31.8 20.22 32.64 19.56 32.980000000000004 18.48C33.1 19.54 33.68 20.16 34.82 20.16Z", "M41.4 19.94V19.76C41.4 19.72 41.38 19.7 41.34 19.7H39.88C39.84 19.7 39.82 19.68 39.82 19.64V14.36C39.82 12.2 41.0 11.12 42.54 11.12C43.84 11.12 44.52 11.76 44.52 14.04V19.64C44.52 19.68 44.5 19.7 44.46 19.7H43.02C42.980000000000004 19.7 42.96 19.72 42.96 19.76V19.94C42.96 19.98 42.980000000000004 20.0 43.02 20.0H47.44C47.480000000000004 20.0 47.480000000000004 19.98 47.480000000000004 19.94V19.76C47.480000000000004 19.72 47.480000000000004 19.7 47.44 19.7H46.0C45.96 19.7 45.96 19.68 45.96 19.64V14.44C45.96 12.14 45.06 10.799999999999999 42.74 10.799999999999999C41.34 10.799999999999999 40.24 11.5 39.800000000000004 12.899999999999999V11.06C39.800000000000004 11.02 39.78 11.0 39.74 11.0H36.82C36.78 11.0 36.76 11.02 36.76 11.06V11.24C36.76 11.28 36.78 11.299999999999999 36.82 11.299999999999999H38.34C38.38 11.299999999999999 38.4 11.32 38.4 11.36V19.64C38.4 19.68 38.38 19.7 38.34 19.7H36.82C36.78 19.7 36.76 19.72 36.76 19.76V19.94C36.76 19.98 36.78 20.0 36.82 20.0H41.34C41.38 20.0 41.4 19.98 41.4 19.94Z", "M53.24 10.799999999999999C50.96 10.799999999999999 49.02 12.7 49.02 15.48C49.02 18.26 50.94 20.2 53.24 20.2C55.54 20.2 57.46 18.26 57.46 15.48C57.46 12.7 55.52 10.799999999999999 53.24 10.799999999999999ZM53.24 11.1C54.94 11.1 55.9 12.2 55.9 15.48C55.9 18.78 54.94 19.9 53.24 19.9C51.56 19.9 50.6 18.78 50.6 15.48C50.6 12.2 51.56 11.1 53.24 11.1Z", "M63.64 19.94V19.76C63.64 19.72 63.620000000000005 19.7 63.580000000000005 19.7H62.120000000000005C62.080000000000005 19.7 62.06 19.68 62.06 19.64V14.36C62.06 12.2 63.24 11.12 64.78 11.12C66.08 11.12 66.76 11.76 66.76 14.04V19.64C66.76 19.68 66.74000000000001 19.7 66.7 19.7H65.26C65.22 19.7 65.2 19.72 65.2 19.76V19.94C65.2 19.98 65.22 20.0 65.26 20.0H69.68C69.72 20.0 69.72 19.98 69.72 19.94V19.76C69.72 19.72 69.72 19.7 69.68 19.7H68.24000000000001C68.2 19.7 68.2 19.68 68.2 19.64V14.44C68.2 12.14 67.3 10.799999999999999 64.98 10.799999999999999C63.580000000000005 10.799999999999999 62.480000000000004 11.5 62.040000000000006 12.899999999999999V11.06C62.040000000000006 11.02 62.02 11.0 61.980000000000004 11.0H59.06C59.02 11.0 59.0 11.02 59.0 11.06V11.24C59.0 11.28 59.02 11.299999999999999 59.06 11.299999999999999H60.580000000000005C60.620000000000005 11.299999999999999 60.64 11.32 60.64 11.36V19.64C60.64 19.68 60.620000000000005 19.7 60.580000000000005 19.7H59.06C59.02 19.7 59.0 19.72 59.0 19.76V19.94C59.0 19.98 59.02 20.0 59.06 20.0H63.580000000000005C63.620000000000005 20.0 63.64 19.98 63.64 19.94Z", "M78.08 19.64C78.08 19.68 78.06 19.7 78.02 19.7H76.12C76.08 19.7 76.06 19.72 76.06 19.76V19.94C76.06 19.98 76.08 20.0 76.12 20.0H81.66C86.12 20.0 89.17999999999999 17.12 89.17999999999999 12.68C89.17999999999999 8.06 85.82 5.6 81.22 5.6H76.12C76.08 5.6 76.06 5.619999999999999 76.06 5.66V5.84C76.06 5.879999999999999 76.08 5.9 76.12 5.9H78.02C78.06 5.9 78.08 5.92 78.08 5.959999999999999ZM79.62 19.64V5.959999999999999C79.62 5.92 79.64 5.9 79.67999999999999 5.9H81.22C85.42 5.9 87.44 7.74 87.44 12.68C87.44 17.7 85.53999999999999 19.7 81.66 19.7H79.67999999999999C79.64 19.7 79.62 19.68 79.62 19.64Z", "M92.25999999999999 6.959999999999999C92.25999999999999 7.539999999999999 92.7 7.959999999999999 93.24 7.959999999999999C93.8 7.959999999999999 94.22 7.539999999999999 94.22 6.959999999999999C94.22 6.4 93.8 5.959999999999999 93.24 5.959999999999999C92.67999999999999 5.959999999999999 92.25999999999999 6.4 92.25999999999999 6.959999999999999ZM93.98 19.64V11.06C93.98 11.02 93.98 11.0 93.94 11.0H90.98C90.94 11.0 90.92 11.02 90.92 11.06V11.24C90.92 11.28 90.94 11.299999999999999 90.98 11.299999999999999H92.5C92.53999999999999 11.299999999999999 92.56 11.32 92.56 11.36V19.64C92.56 19.68 92.53999999999999 19.7 92.5 19.7H90.98C90.94 19.7 90.92 19.72 90.92 19.76V19.94C90.92 19.98 90.94 20.0 90.98 20.0H95.46C95.5 20.0 95.52 19.98 95.52 19.94V19.76C95.52 19.72 95.5 19.7 95.46 19.7H94.03999999999999C94.0 19.7 93.98 19.68 93.98 19.64Z", "M100.28 11.1C101.68 11.1 102.4 11.94 102.8 13.6C102.8 13.64 102.82 13.64 102.86 13.64H102.96C102.98 13.64 103.0 13.64 103.0 13.6V10.94C103.0 10.9 102.98 10.9 102.96 10.9H102.88C102.84 10.9 102.8 10.92 102.8 10.959999999999999L102.42 11.92H102.4C101.98 11.22 101.3 10.799999999999999 100.24 10.799999999999999C98.58 10.799999999999999 97.4 11.78 97.4 13.399999999999999C97.4 14.74 98.14 15.44 100.22 15.96C102.2 