{"width": 399.81999999999994, "height": 20, "dataStrings": ["M4.46 20.0H6.92V7.619999999999999H10.88V5.58H0.54V7.619999999999999H4.46Z", "M12.7 20.0H15.1V11.62C15.719999999999999 11.299999999999999 16.62 11.04 17.4 11.04C18.78 11.04 19.12 11.48 19.12 12.559999999999999V20.0H21.52V11.959999999999999C21.52 9.86 20.52 8.98 18.52 8.98C17.22 8.98 15.96 9.54 15.2 10.28H15.1V4.619999999999999H12.7Z", "M28.619999999999997 20.2C30.439999999999998 20.2 31.599999999999998 19.66 32.32 19.2V17.46C31.4 17.9 30.5 18.22 29.099999999999998 18.22C27.04 18.22 26.02 17.7 25.959999999999997 15.3H32.66V13.96C32.66 10.6 31.36 8.98 28.22 8.98C25.52 8.98 23.479999999999997 10.6 23.479999999999997 14.120000000000001V15.1C23.479999999999997 18.42 25.119999999999997 20.2 28.619999999999997 20.2ZM28.2 10.78C29.54 10.78 30.259999999999998 11.44 30.259999999999998 13.6H25.939999999999998C26.0 11.26 27.099999999999998 10.78 28.2 10.78Z", "M46.199999999999996 24.060000000000002H48.599999999999994V9.84C47.67999999999999 9.34 46.31999999999999 8.98 44.459999999999994 8.98C41.519999999999996 8.98 39.13999999999999 10.24 39.13999999999999 14.379999999999999V15.219999999999999C39.13999999999999 18.94 41.4 20.2 43.379999999999995 20.2C44.699999999999996 20.2 45.53999999999999 19.72 46.099999999999994 19.16H46.199999999999996ZM44.099999999999994 18.26C42.63999999999999 18.26 41.62 17.6 41.62 15.1V14.08C41.62 11.62 42.67999999999999 10.84 44.3 10.84C45.08 10.84 45.76 11.0 46.199999999999996 11.2V17.54C45.8 17.88 45.13999999999999 18.26 44.099999999999994 18.26Z", "M54.239999999999995 20.2C55.559999999999995 20.2 56.53999999999999 19.62 57.44 18.84H57.53999999999999L57.739999999999995 20.0H59.8V9.18H57.4V17.54C56.76 17.88 56.03999999999999 18.24 55.13999999999999 18.24C53.879999999999995 18.24 53.519999999999996 17.74 53.519999999999996 16.56V9.18H51.12V17.04C51.12 19.16 52.199999999999996 20.2 54.239999999999995 20.2Z", "M62.339999999999996 20.0H64.74V9.18H62.339999999999996ZM62.3 7.26H64.78V4.959999999999999H62.3Z", "M71.72 20.2C73.24 20.2 74.18 19.82 74.84 19.38V17.54C74.3 17.78 73.42 18.2 72.18 18.2C70.2 18.2 69.22 17.42 69.22 15.059999999999999V13.94C69.22 11.879999999999999 70.3 11.0 72.02 11.0C73.28 11.0 73.92 11.24 74.74 11.58V9.62C74.06 9.22 73.24 8.98 71.86 8.98C68.86 8.98 66.72 10.54 66.72 14.2V15.16C66.72 18.64 68.58 20.2 71.72 20.2Z", "M76.68 20.0H79.08000000000001V4.619999999999999H76.68ZM82.86 20.0H85.5L81.86 14.24L85.22 9.18H82.7L79.4 14.379999999999999Z", "M96.12000000000002 20.24C99.62000000000002 20.24 101.44000000000001 18.48 101.44000000000001 14.780000000000001V13.899999999999999C101.44000000000001 10.12 99.44000000000001 8.98 97.48000000000002 8.98C96.10000000000001 8.98 95.18000000000002 9.459999999999999 94.42000000000002 10.12H94.32000000000002V4.619999999999999H91.92000000000002V19.38C92.92000000000002 19.88 94.60000000000001 20.24 96.12000000000002 20.24ZM96.26000000000002 18.38C95.24000000000001 18.38 94.72000000000001 18.16 94.32000000000002 17.96V11.52C94.74000000000001 11.299999999999999 95.50000000000001 10.98 96.34000000000002 10.98C98.14000000000001 10.98 98.94000000000001 11.6 98.94000000000001 14.120000000000001V15.120000000000001C98.94000000000001 17.84 97.66000000000001 18.38 96.26000000000002 18.38Z", "M103.38000000000002 20.0H105.78000000000002V11.98C106.44000000000001 11.56 107.48000000000002 11.24 108.42000000000002 11.24C108.66000000000001 11.24 109.04000000000002 11.28 109.26000000000002 11.32V9.12C109.18000000000002 9.06 108.92000000000002 9.02 108.62000000000002 9.02C107.52000000000001 9.02 106.34000000000002 9.76 105.80000000000001 10.66H105.68000000000002V9.18H103.38000000000002Z", "M115.22000000000001 20.2C118.04000000000002 20.2 120.12000000000002 18.44 120.12000000000002 15.0V14.08C120.12000000000002 10.74 118.30000000000001 8.98 115.24000000000001 8.98C112.40000000000002 8.98 110.28000000000002 10.78 110.28000000000002 14.18V15.1C110.28000000000002 18.42 112.12000000000002 20.2 115.22000000000001 20.2ZM115.26000000000002 18.34C113.88000000000002 18.34 112.78000000000002 17.78 112.78000000000002 15.120000000000001V14.0C112.78000000000002 11.78 113.70000000000002 10.84 115.20000000000002 10.84C116.54000000000002 10.84 117.62000000000002 11.4 117.62000000000002 14.1V15.2C117.62000000000002 17.46 116.76000000000002 18.34 115.26000000000002 18.34Z", "M124.06000000000002 20.0H126.56000000000002L127.78000000000002 15.6C128.24 13.98 128.50000000000003 11.08 128.50000000000003 11.08H128.58C128.58 11.08 128.86 13.98 129.32000000000002 15.6L130.54000000000002 20.0H132.98000000000002L135.88000000000002 9.18H133.70000000000002L132.76000000000002 13.18C132.34000000000003 14.94 131.9 18.22 131.9 18.22H131.82000000000002C131.82000000000002 18.22 131.28000000000003 14.899999999999999 130.82000000000002 13.18L129.74 9.18H127.58000000000001L126.50000000000001 13.18C126.02000000000001 14.94 125.56000000000002 18.22 125.56000000000002 18.22H125.48000000000002C125.48000000000002 18.22 125.02000000000001 14.899999999999999 124.60000000000002 13.18L123.64000000000001 9.18H121.14000000000001Z", "M137.56000000000003 20.0H139.96000000000004V11.62C140.58000000000004 11.299999999999999 141.48000000000002 11.04 142.26000000000002 11.04C143.64000000000004 11.04 143.98000000000002 11.48 143.98000000000002 12.559999999999999V20.0H146.38000000000002V11.959999999999999C146.38000000000002 9.86 145.38000000000002 8.98 143.38000000000002 8.98C142.08000000000004 8.98 140.82000000000002 9.54 139.98000000000002 10.34H139.88000000000002V9.18H137.56000000000003Z", "M154.74000000000004 20.0H157.14000000000001V11.08H159.72000000000003V9.18H157.14000000000001V8.06C157.14000000000001 6.84 157.74000000000004 6.34 158.84000000000003 6.34C159.44000000000003 6.34 160.00000000000003 6.42 160.28000000000003 6.5V4.82C159.92000000000002 4.619999999999999 159.18000000000004 4.4399999999999995 158.20000000000002 4.4399999999999995C156.18000000000004 4.4399999999999995 154.74000000000004 5.48 154.74000000000004 7.84V9.18H152.98000000000002V11.08H154.74000000000004Z", "M165.76000000000002 20.2C168.58 20.2 170.66000000000003 18.44 170.66000000000003 15.0V14.08C170.66000000000003 10.74 168.84000000000003 8.98 165.78000000000003 8.98C162.94000000000003 8.98 160.82000000000002 10.78 160.82000000000002 14.18V15.1C160.82000000000002 18.42 162.66000000000003 20.2 165.76000000000002 20.2ZM165.8 18.34C164.42000000000002 18.34 163.32000000000002 17.78 163.32000000000002 15.120000000000001V14.0C163.32000000000002 11.78 164.24 10.84 165.74 10.84C167.08 10.84 168.16000000000003 11.4 168.16000000000003 14.1V15.2C168.16000000000003 17.46 167.3 18.34 165.8 18.34Z", "M171.60000000000002 20.0H174.10000000000002L175.20000000000002 18.02C175.8 16.96 176.3 15.48 176.3 15.48H176.38000000000002C176.38000000000002 15.48 176.92000000000002 16.96 177.48000000000002 18.02L178.54000000000002 20.0H181.22000000000003L178.00000000000003 14.42L180.96000000000004 9.18H178.50000000000003L177.60000000000002 11.02C176.98000000000002 12.280000000000001 176.64000000000001 13.620000000000001 176.64000000000001 13.620000000000001H176.56000000000003C176.56000000000003 13.620000000000001 176.16000000000003 12.280000000000001 175.48000000000002 11.02L174.48000000000002 9.18H171.78000000000003L174.86 14.46Z", "M187.04000000000002 24.14C189.32000000000002 24.14 190.22000000000003 22.78 190.22000000000003 20.92V9.18H187.82000000000002V20.74C187.82000000000002 21.78 187.26000000000002 22.22 186.32000000000002 22.22C185.96000000000004 22.22 185.62000000000003 22.16 185.30000000000004 22.1V23.76C185.70000000000002 24.0 186.24000000000004 24.14 187.04000000000002 24.14ZM187.78000000000003 7.26H190.26000000000002V4.959999999999999H187.78000000000003Z", "M195.84000000000003 20.2C197.16000000000003 20.2 198.14000000000001 19.62 199.04000000000002 18.84H199.14000000000001L199.34000000000003 20.0H201.4V9.18H199.00000000000003V17.54C198.36 17.88 197.64000000000001 18.24 196.74 18.24C195.48000000000002 18.24 195.12 17.74 195.12 