{"width": 208.0, "height": 20, "dataStrings": ["M0.7000000000000001 13.1C0.7000000000000001 17.34 3.8000000000000003 20.28 7.94 20.28C11.22 20.28 13.22 18.06 13.72 14.86L13.18 14.84C12.700000000000001 17.7 11.02 19.76 7.98 19.76C5.0 19.76 3.38 16.9 3.38 13.1C3.38 9.32 4.8 6.4399999999999995 7.9 6.4399999999999995C10.8 6.4399999999999995 12.52 7.92 12.94 10.94L13.5 10.9C13.040000000000001 7.5 11.02 5.92 7.82 5.92C4.04 5.92 0.7000000000000001 8.86 0.7000000000000001 13.1Z", "M18.02 20.0V13.96C18.02 12.879999999999999 18.32 12.26 18.68 11.879999999999999C19.1 11.44 19.7 11.16 20.4 11.16C21.439999999999998 11.16 21.82 11.62 21.82 12.58V20.0H24.22V12.82C24.22 11.86 23.78 11.299999999999999 23.18 10.959999999999999C22.68 10.68 22.02 10.58 21.12 10.58C19.66 10.58 18.52 11.14 18.04 12.16H17.98V5.199999999999999H15.62V20.0Z", "M28.92 7.279999999999999C28.92 6.52 28.34 5.98 27.62 5.98C26.880000000000003 5.98 26.32 6.52 26.32 7.279999999999999C26.32 8.04 26.880000000000003 8.58 27.62 8.58C28.34 8.58 28.92 8.04 28.92 7.279999999999999ZM28.84 20.0V10.76H26.42V20.0Z", "M30.6 17.38C31.0 19.44 32.52 20.18 34.24 20.18C36.78 20.18 38.02 18.5 38.02 16.92C38.02 14.96 36.7 14.48 34.660000000000004 14.02C32.980000000000004 13.66 32.32 13.36 32.32 12.36C32.32 11.52 33.1 10.959999999999999 34.18 10.959999999999999C35.78 10.959999999999999 36.44 11.66 36.84 13.02L37.26 12.899999999999999C36.86 11.379999999999999 36.02 10.56 34.160000000000004 10.56C32.32 10.56 30.78 11.72 30.78 13.379999999999999C30.78 15.44 32.24 15.98 33.78 16.28C35.78 16.7 36.480000000000004 17.04 36.480000000000004 18.18C36.480000000000004 19.02 35.78 19.78 34.22 19.78C32.74 19.78 31.44 19.16 31.04 17.259999999999998Z", "M47.980000000000004 20.08H48.480000000000004L52.1 10.76H51.620000000000005L49.160000000000004 17.16H49.120000000000005L46.5 10.76H46.06L43.5 17.16H43.46L41.2 10.76H38.82L42.32 20.08H42.800000000000004L45.400000000000006 13.559999999999999H45.440000000000005Z", "M55.92 7.279999999999999C55.92 6.52 55.34 5.98 54.620000000000005 5.98C53.88 5.98 53.32 6.52 53.32 7.279999999999999C53.32 8.04 53.88 8.58 54.620000000000005 8.58C55.34 8.58 55.92 8.04 55.92 7.279999999999999ZM55.84 20.0V10.76H53.42V20.0Z", "M62.58 10.58C59.480000000000004 10.58 57.56 12.86 57.56 15.379999999999999C57.56 17.98 59.46 20.18 62.32 20.18C64.4 20.18 65.92 19.36 66.56 17.18L66.14 17.1C65.56 19.0 64.24 19.64 62.980000000000004 19.64C60.74 19.64 60.04 17.66 60.04 15.379999999999999C60.04 12.84 61.02 11.02 62.84 11.02C64.42 11.02 65.32 11.879999999999999 65.8 13.04L66.22 12.879999999999999C65.68 11.54 64.66 10.58 62.58 10.58Z", "M75.5 10.76H74.88L70.38 15.120000000000001H70.34V5.199999999999999H67.94V20.0H70.34V15.64L70.56 15.44C70.8 15.2 71.08 15.02 71.53999999999999 15.02C72.68 15.02 72.76 16.16 73.16 17.72C73.48 18.94 73.88 19.62 74.38 20.0H76.92C76.38 19.66 75.74 17.86 75.52 17.18C75.1 15.780000000000001 74.18 14.620000000000001 72.08 14.620000000000001C71.84 14.620000000000001 71.58 14.66 71.38 14.719999999999999V14.68Z", "M86.83999999999999 20.28C90.33999999999999 20.28 91.86 17.98 91.86 15.719999999999999C91.86 13.14 90.03999999999999 12.16 86.97999999999999 11.52C84.61999999999999 11.0 83.61999999999999 10.459999999999999 83.61999999999999 8.66C83.61999999999999 7.24 85.0 6.4 86.44 6.4C88.6 6.4 89.8 7.219999999999999 90.32 9.78L90.83999999999999 9.74C90.32 6.719999999999999 88.72 5.92 86.44 5.92C84.13999999999999 5.92 82.05999999999999 7.640000000000001 82.05999999999999 9.84C82.05999999999999 12.559999999999999 83.61999999999999 13.559999999999999 86.16 14.14C88.96 14.780000000000001 90.22 15.32 90.22 17.12C90.22 18.64 89.39999999999999 19.8 86.83999999999999 19.8C84.44 19.8 82.61999999999999 18.28 82.33999999999999 15.94L81.82 16.0C82.08 18.5 84.05999999999999 20.28 86.83999999999999 20.28Z", "M98.77999999999999 13.02C98.67999999999999 14.0 97.32 14.68 96.19999999999999 15.04C94.69999999999999 15.54 93.27999999999999 16.1 93.27999999999999 17.86C93.27999999999999 19.24 94.19999999999999 20.18 95.8 20.18C97.16 20.18 98.29999999999998 19.48 98.79999999999998 18.68H98.82C98.89999999999999 19.54 99.57999999999998 20.18 100.85999999999999 20.18C101.74 20.18 102.47999999999999 19.84 102.82 19.52L102.63999999999999 19.26C102.44 19.42 102.19999999999999 19.58 101.82 19.58C101.24 19.58 101.13999999999999 19.14 101.13999999999999 18.62L101.16 12.94C101.17999999999999 10.959999999999999 99.16 10.58 97.33999999999999 10.58C95.71999999999998 10.58 94.47999999999999 11.18 93.85999999999999 12.0L94.19999999999999 12.3C94.75999999999999 11.56 95.82 11.02 97.17999999999999 11.02C98.21999999999998 11.02 98.79999999999998 11.28 98.77999999999999 12.379999999999999ZM96.97999999999999 19.36C96.07999999999998 19.36 95.49999999999999 18.78 95.49999999999999 17.56C95.49999999999999 15.86 96.17999999999999 15.6 97.17999999999999 15.059999999999999C97.96 14.68 98.63999999999999 14.26 98.77999999999999 13.879999999999999L98.74 18.18C98.44 18.76 97.75999999999999 19.36 96.97999999999999 19.36Z", "M106.24 20.0V13.96C106.24 12.879999999999999 106.53999999999999 12.26 106.91999999999999 11.879999999999999C107.32 11.44 107.91999999999999 11.16 108.61999999999999 11.16C109.66 11.16 110.03999999999999 11.62 110.03999999999999 12.58V20.0H112.44V12.82C112.44 11.86 112.0 11.28 111.38 10.959999999999999C110.88 10.68 110.24 10.58 109.33999999999999 10.58C107.88 10.58 106.74 11.14 106.25999999999999 12.18H106.19999999999999V10.76H103.83999999999999V20.0Z", "M114.11999999999999 17.38C114.52 19.44 116.03999999999999 20.18 117.75999999999999 20.18C120.29999999999998 20.18 121.53999999999999 18.5 121.53999999999999 16.92C121.53999999999999 14.96 120.21999999999998 14.48 118.17999999999999 14.02C116.49999999999999 13.66 115.83999999999999 13.36 115.83999999999999 12.36C115.83999999999999 11.52 116.61999999999999 10.959999999999999 117.69999999999999 10.959999999999999C119.29999999999998 10.959999999999999 119.96 11.66 120.35999999999999 13.02L120.77999999999999 12.899999999999999C120.38 11.379999999999999 119.53999999999999 10.56 117.67999999999999 10.56C115.83999999999999 10.56 114.29999999999998 11.72 114.29999999999998 13.379999999999999C114.29999999999998 15.44 115.75999999999999 15.98 117.29999999999998 16.28C119.29999999999998 16.7 119.99999999999999 17.04 119.99999999999999 18.18C119.99999999999999 19.02 119.29999999999998 19.78 117.74 19.78C116.25999999999999 19.78 114.96 19.16 114.55999999999999 17.259999999999998Z", "M132.1 20.28C135.6 20.28 137.11999999999998 17.98 137.11999999999998 15.719999999999999C137.11999999999998 13.14 135.29999999999998 12.16 132.23999999999998 11.52C129.88 11.0 128.88 10.459999999999999 128.88 8.66C128.88 7.24 130.26 6.4 131.7 6.4C133.85999999999999 6.4 135.05999999999997 7.219999999999999 135.57999999999998 9.78L136.1 9.74C135.57999999999998 6.719999999999999 133.98 5.92 131.7 5.92C129.39999999999998 5.92 127.31999999999998 7.640000000000001 127.31999999999998 9.84C127.31999999999998 12.559999999999999 128.88 13.559999999999999 131.42 14.14C134.21999999999997 14.780000000000001 135.48 15.32 135.48 17.12C135.48 18.64 134.66 19.8 132.1 19.8C129.7 19.8 127.87999999999998 18.28 127.59999999999998 15.94L127.07999999999998 16.0C127.33999999999999 18.5 129.32 20.28 132.1 20.28Z", "M147.4 17.52 146.96 17.42C146.64 18.74 145.72 19.7 143.84 19.7C141.5 19.7 140.96 17.68 140.96 15.379999999999999C140.96 15.1 140.98 14.82 140.98 14.54H147.14C147.14 11.959999999999999 145.46 10.56 143.12 10.56C140.42 10.56 138.48 12.86 138.48 15.379999999999999C138.48 17.86 140.34 20.18 143.54 20.18C145.6 20.18 147.01999999999998 19.22 147.4 17.52ZM143.12 10.98C144.4 10.98 144.96 11.82 144.96 14.120000000000001H141.01999999999998C141.2 12.16 141.84 10.98 143.12 10.98Z", "M157.48 20.0V13.84C157.48 12.58 157.73999999999998 12.2 158.11999999999998 11.82C158.54 11.4 159.11999999999998 11.16 159.77999999999997 11.16C160.79999999999998 11.16 161.14 11.6 161.14 12.58V20.0H163.56V12.84C163.56 11.9 163.14 11.299999999999999 162.54 10.98C162.01999999999998 