{"width": 153.60000000000002, "height": 20, "dataStrings": ["M1.0 20.0H10.64L10.9 15.92L10.26 15.84C9.5 18.12 8.84 19.0 6.88 19.0H4.8V8.08C4.8 7.5 4.94 7.199999999999999 5.34 7.08C5.5600000000000005 7.0 6.24 6.98 6.5200000000000005 6.959999999999999V6.140000000000001H1.0V6.959999999999999C1.46 7.0 2.0 7.02 2.18 7.08C2.56 7.199999999999999 2.72 7.48 2.72 8.08V18.06C2.72 18.64 2.58 18.94 2.18 19.06C1.96 19.14 1.28 19.16 1.0 19.18Z", "M19.6 18.1V13.44C19.6 11.02 18.48 10.16 16.700000000000003 10.16C15.420000000000002 10.16 13.840000000000002 10.54 12.680000000000001 11.14V12.059999999999999C13.580000000000002 11.86 14.82 11.68 15.700000000000001 11.68C17.3 11.68 17.78 12.24 17.78 13.98V14.44L15.32 15.04C13.3 15.559999999999999 12.420000000000002 16.46 12.420000000000002 17.82C12.420000000000002 19.32 13.540000000000001 20.2 14.9 20.2C15.98 20.2 17.14 19.62 17.78 18.68C17.8 19.6 18.3 20.22 19.78 20.22C20.42 20.22 20.82 20.1 21.3 19.9V19.34C21.18 19.36 21.080000000000002 19.36 20.98 19.36C20.12 19.36 19.6 19.1 19.6 18.1ZM15.900000000000002 18.74C14.740000000000002 18.74 14.280000000000001 18.18 14.280000000000001 17.3C14.280000000000001 16.46 14.96 16.1 16.44 15.719999999999999L17.78 15.379999999999999V18.26C17.3 18.52 16.560000000000002 18.74 15.900000000000002 18.74Z", "M31.96 10.379999999999999H28.08V10.959999999999999C28.8 11.04 29.28 11.4 29.28 12.04C29.28 12.26 29.22 12.52 29.1 12.8L27.16 17.4L25.12 11.92C24.92 11.36 25.36 10.959999999999999 26.14 10.959999999999999V10.379999999999999H21.76V10.959999999999999C22.3 11.04 22.8 11.32 23.1 12.04L26.42 20.16H27.16L30.439999999999998 12.399999999999999C30.740000000000002 11.7 31.259999999999998 11.12 31.96 10.959999999999999Z", "M40.22 18.1V13.44C40.22 11.02 39.099999999999994 10.16 37.31999999999999 10.16C36.04 10.16 34.459999999999994 10.54 33.3 11.14V12.059999999999999C34.199999999999996 11.86 35.44 11.68 36.31999999999999 11.68C37.919999999999995 11.68 38.4 12.24 38.4 13.98V14.44L35.94 15.04C33.919999999999995 15.559999999999999 33.04 16.46 33.04 17.82C33.04 19.32 34.16 20.2 35.519999999999996 20.2C36.599999999999994 20.2 37.76 19.62 38.4 18.68C38.419999999999995 19.6 38.919999999999995 20.22 40.4 20.22C41.04 20.22 41.44 20.1 41.919999999999995 19.9V19.34C41.8 19.36 41.699999999999996 19.36 41.599999999999994 19.36C40.739999999999995 19.36 40.22 19.1 40.22 18.1ZM36.519999999999996 18.74C35.36 18.74 34.9 18.18 34.9 17.3C34.9 16.46 35.58 16.1 37.059999999999995 15.719999999999999L38.4 15.379999999999999V18.26C37.919999999999995 18.52 37.18 18.74 36.519999999999996 18.74Z", "M52.92 20.3C55.879999999999995 20.3 58.019999999999996 18.48 58.019999999999996 16.02C58.019999999999996 14.14 56.78 13.2 54.379999999999995 12.26L52.8 11.64C51.699999999999996 11.2 50.64 10.68 50.64 9.2C50.64 7.779999999999999 51.6 6.84 53.339999999999996 6.84C55.239999999999995 6.84 56.22 7.98 56.879999999999995 10.52H57.58V6.9399999999999995C56.239999999999995 6.18 54.92 5.84 53.58 5.84C50.32 5.84 48.78 7.84 48.78 9.86C48.78 11.74 50.12 12.76 51.96 13.48L53.64 14.14C54.86 14.620000000000001 56.06 15.36 56.06 16.88C56.06 18.18 55.18 19.2 53.28 19.2C51.48 19.2 50.08 18.28 49.24 15.66H48.72V19.2C50.06 19.96 51.62 20.3 52.92 20.3Z", "M59.44 11.379999999999999H61.18V17.9C61.18 19.68 62.38 20.22 63.9 20.22C64.54 20.22 65.46 20.02 65.98 19.66L65.96 18.8C65.58 18.88 65.18 18.94 64.88 18.94C63.44 18.94 63.0 18.46 63.0 16.8V11.379999999999999H65.76V10.379999999999999H63.0V7.42H62.7L61.18 8.459999999999999V10.379999999999999H59.44Z", "M74.02 6.74V10.299999999999999C73.5 10.18 72.94 10.1 72.42 10.1C69.39999999999999 10.1 67.3 12.2 67.3 15.44C67.3 18.42 68.97999999999999 20.3 71.03999999999999 20.3C72.02 20.3 73.06 19.88 74.03999999999999 18.96C74.14 19.72 74.67999999999999 20.22 76.02 20.22C76.66 20.22 77.06 20.1 77.53999999999999 19.9L77.52 19.34C76.47999999999999 19.4 75.84 19.22 75.84 18.1V6.02C75.84 5.219999999999999 75.6 4.82 74.82 4.82C74.17999999999999 4.82 73.0 5.08 72.42 5.279999999999999V5.98C72.6 5.959999999999999 73.06 5.92 73.3 5.92C73.89999999999999 5.92 74.02 6.119999999999999 74.02 6.74ZM72.1 18.72C69.86 18.72 69.02 17.3 69.02 14.82C69.02 12.7 69.69999999999999 11.26 71.67999999999999 11.26C72.58 11.26 73.39999999999999 11.56 74.02 11.879999999999999V18.22C73.25999999999999 18.62 72.74 18.72 72.1 18.72Z", "M90.42 6.140000000000001H84.16V6.959999999999999C84.74 7.02 85.06 7.0 85.34 7.08C85.72 7.18 85.88 7.52 85.88 8.08V18.06C85.88 18.62 85.72 18.96 85.34 19.06C85.06 19.14 84.53999999999999 19.16 84.16 19.18V20.0H89.88V19.18C89.32 19.14 88.82 19.14 88.5 19.06C88.11999999999999 18.96 87.96 18.62 87.96 18.06V13.5H89.17999999999999L93.8 20.0H97.12L97.17999999999999 19.2C96.08 19.08 95.39999999999999 18.72 94.62 17.66L91.47999999999999 13.36C93.38 12.94 94.67999999999999 11.6 94.67999999999999 9.56C94.67999999999999 7.16 92.84 6.140000000000001 90.42 6.140000000000001ZM89.78 7.140000000000001C91.32 7.140000000000001 92.28 8.08 92.28 9.68C92.28 11.64 91.32 12.5 89.46 12.5H87.96V7.140000000000001Z", "M105.6 19.24 105.55999999999999 18.26C104.5 18.62 103.53999999999999 18.76 102.8 18.76C100.58 18.76 99.58 17.46 99.53999999999999 15.14H105.58L106.02 14.26C106.03999999999999 13.92 106.02 13.6 106.0 13.3C105.8 11.24 104.53999999999999 10.1 102.72 10.1C99.88 10.1 97.86 12.26 97.86 15.620000000000001C97.86 18.42 99.3 20.3 102.11999999999999 20.3C103.13999999999999 20.3 104.58 20.04 105.6 19.24ZM102.08 11.26C103.47999999999999 11.26 104.19999999999999 12.219999999999999 104.19999999999999 13.68C104.19999999999999 13.8 104.19999999999999 13.94 104.17999999999999 14.059999999999999H99.58C99.77999999999999 12.379999999999999 100.58 11.26 102.08 11.26Z", "M111.84 16.3C113.74 16.3 115.62 15.14 115.62 13.16C115.62 12.559999999999999 115.44 12.04 115.14 11.62C116.02 11.56 117.42 11.28 117.42 10.42C117.42 9.92 117.03999999999999 9.64 116.53999999999999 9.64C115.68 9.64 115.64 10.72 114.74 11.16C114.02 10.48 112.94 10.1 111.82 10.1C109.58 10.1 107.94 11.54 107.94 13.399999999999999C107.94 14.66 108.67999999999999 15.5 109.78 15.94C109.1 16.42 108.46 17.06 108.46 17.78C108.46 18.32 108.7 18.92 109.54 19.24C108.34 19.78 107.38 20.48 107.38 21.72C107.38 23.16 108.67999999999999 24.52 111.26 24.52C114.66 24.52 116.8 22.2 116.8 20.24C116.8 18.52 115.16 17.8 112.68 17.8H111.14C110.36 17.8 110.02 17.48 110.02 17.04C110.02 16.78 110.18 16.46 110.42 16.14C110.86 16.259999999999998 111.34 16.3 111.84 16.3ZM110.96 19.44H112.56C114.34 19.44 114.96 20.1 114.96 21.1C114.96 22.62 113.58 23.42 111.84 23.42C110.04 23.42 109.16 22.58 109.16 21.32C109.16 20.64 109.4 19.98 110.18 19.38C110.4 19.42 110.66 19.44 110.96 19.44ZM113.6 13.32C113.6 14.559999999999999 112.92 15.34 111.82 15.34C110.66 15.34 109.86 14.52 109.86 13.2C109.86 11.94 110.6 11.06 111.66 11.06C112.64 11.06 113.6 11.82 113.6 13.32Z", "M125.58000000000001 12.02V18.32C124.72000000000001 18.58 124.16000000000001 18.74 123.42 18.74C121.82000000000001 18.74 121.42 18.02 121.42 16.54V11.299999999999999C121.42 10.5 121.18 10.1 120.4 10.1C119.76 10.1 118.58000000000001 10.36 118.0 10.56V11.26C118.18 11.24 118.64 11.2 118.88000000000001 11.2C119.48 11.2 119.60000000000001 11.4 119.60000000000001 12.02V17.02C119.60000000000001 19.4 120.58000000000001 20.28 122.2 20.28C123.48 20.28 124.60000000000001 19.72 125.58000000000001 18.82C125.66000000000001 19.66 126.18 20.22 127.58000000000001 20.22C128.22 20.22 128.62 20.1 129.1 19.9L129.08 19.34C128.04000000000002 19.4 127.4 19.22 127.4 18.1V11.299999999999999C127.4 10.5 127.16000000000001 10.1 126.38000000000001 10.1C125.74000000000001 10.1 124.56 10.36 123.98 10.56V11.26C124.16000000000001 11.24 124.62 11.2 124.86000000000001 11.2C125.46000000000001 11.2 125.58000000000001 11.4 125.58000000000001 12.02Z", "M131.38000000000002 18.14C131.38000000000002 18.72 131.24 19.02 130.84 19.14C130.62 19.22 130.24 19.24 129.96 19.26V20.0H134.62V19.26C134.16000000000003 19.22 133.92000000000002 19.2 133.74 19.14C133.36 19.02 133.20000000000002 18.74 133.20000000000002 