{"width": 380.2999999999999, "height": 20, "dataStrings": ["M11.14 7.42V6.799999999999999H0.64V7.42H5.08V20.0H6.72V7.42Z", "M14.899999999999999 12.92V5.299999999999999H13.5V20.0H14.899999999999999V14.08C14.899999999999999 12.94 16.02 11.44 17.52 11.44C18.759999999999998 11.44 19.64 12.120000000000001 19.64 14.08V20.0H21.06V13.780000000000001C21.06 12.08 20.0 10.799999999999999 18.02 10.799999999999999C16.32 10.799999999999999 15.2 11.94 14.899999999999999 12.92Z", "M27.62 11.26C28.740000000000002 11.26 29.759999999999998 11.959999999999999 29.759999999999998 14.54H25.259999999999998C25.42 11.959999999999999 26.34 11.26 27.62 11.26ZM31.16 17.259999999999998H30.88C30.7 18.8 29.4 19.6 27.96 19.6C26.48 19.6 25.22 18.9 25.22 15.52C25.22 15.32 25.22 15.14 25.22 14.96H31.32C31.32 12.52 29.82 10.799999999999999 27.6 10.799999999999999C25.12 10.799999999999999 23.66 13.0 23.66 15.58C23.66 18.6 25.259999999999998 20.2 27.740000000000002 20.2C29.52 20.2 31.02 18.94 31.16 17.259999999999998Z", "M47.34 24.8V11.0H45.92V13.3C45.38 11.48 44.06 10.799999999999999 42.74 10.799999999999999C40.2 10.799999999999999 38.64 13.0 38.64 15.52C38.64 18.04 40.2 20.2 42.540000000000006 20.2C43.86000000000001 20.2 45.34 19.5 45.92 17.68V24.8ZM45.92 15.5C45.92 18.34 44.580000000000005 19.6 42.86000000000001 19.6C41.38 19.6 40.2 18.66 40.2 15.52C40.2 12.32 41.36000000000001 11.4 43.040000000000006 11.4C44.580000000000005 11.4 45.92 12.7 45.92 15.5Z", "M56.620000000000005 18.08V20.0H58.02V11.0H56.620000000000005V16.92C56.620000000000005 18.06 55.540000000000006 19.56 54.120000000000005 19.56C52.92 19.56 52.1 18.88 52.1 16.92V11.0H50.68V17.24C50.68 18.92 51.72 20.2 53.620000000000005 20.2C55.24 20.2 56.32 19.06 56.620000000000005 18.08Z", "M62.86 6.68H61.46V8.14H62.86ZM62.86 11.0H61.46V20.0H62.86Z", "M69.84 19.62C68.38 19.62 67.12 18.78 67.12 15.54C67.12 12.399999999999999 68.22 11.4 69.84 11.4C71.34 11.4 72.52 12.34 72.67999999999999 13.879999999999999H72.96C72.86 12.26 71.6 10.799999999999999 69.67999999999999 10.799999999999999C67.1 10.799999999999999 65.56 12.92 65.56 15.6C65.56 18.48 67.16 20.22 69.62 20.22C71.52 20.22 72.9 18.94 73.02 17.259999999999998H72.74C72.62 18.78 71.3 19.62 69.84 19.62Z", "M77.06 5.299999999999999H75.66V20.0H77.06ZM83.36 20.0 78.44 14.7 82.64 11.0H81.92C81.72 11.4 77.46 14.899999999999999 77.22 15.32L81.38 20.0Z", "M95.83999999999999 20.2C98.23999999999998 20.2 99.85999999999999 18.04 99.85999999999999 15.52C99.85999999999999 12.98 98.23999999999998 10.799999999999999 95.73999999999998 10.799999999999999C94.41999999999999 10.799999999999999 93.11999999999999 11.5 92.55999999999999 13.32V5.299999999999999H91.13999999999999V20.0H92.55999999999999V17.7C93.11999999999999 19.5 94.51999999999998 20.2 95.83999999999999 20.2ZM92.55999999999999 15.5C92.55999999999999 12.68 93.89999999999999 11.4 95.49999999999999 11.4C97.13999999999999 11.4 98.27999999999999 12.32 98.27999999999999 15.52C98.27999999999999 18.66 97.1 19.6 95.57999999999998 19.6C93.89999999999999 19.6 92.55999999999999 18.32 92.55999999999999 15.5Z", "M103.94 12.94V11.0H102.53999999999999V20.0H103.94V13.879999999999999C103.94 12.84 104.91999999999999 12.059999999999999 106.44 12.059999999999999C107.05999999999999 12.059999999999999 107.25999999999999 12.08 107.55999999999999 12.16V10.84C107.39999999999999 10.82 107.17999999999999 10.799999999999999 107.0 10.799999999999999C105.25999999999999 10.799999999999999 104.25999999999999 12.04 103.94 12.94Z", "M109.06 15.559999999999999C109.06 18.1 110.58 20.2 113.12 20.2C115.64 20.2 117.14 17.9 117.14 15.399999999999999C117.14 12.84 115.64 10.799999999999999 113.12 10.799999999999999C110.58 10.799999999999999 109.06 13.04 109.06 15.559999999999999ZM110.62 15.559999999999999C110.62 12.18 111.64 11.26 113.12 11.26C114.6 11.26 115.62 11.98 115.62 15.399999999999999C115.62 18.82 114.6 19.76 113.12 19.76C111.64 19.76 110.62 19.02 110.62 15.559999999999999Z", "M122.08 20.1H122.36L125.04 13.08L127.9 20.1H128.16L131.70000000000002 11.0H131.20000000000002L128.56 18.14L125.72 10.98H125.4L122.72 18.08L120.08 11.0H118.56Z", "M135.24 12.92V11.0H133.84V20.0H135.24V14.08C135.24 12.94 136.36 11.44 137.86 11.44C139.1 11.44 139.98000000000002 12.120000000000001 139.98000000000002 14.08V20.0H141.4V13.780000000000001C141.4 12.08 140.34 10.799999999999999 138.36 10.799999999999999C136.66 10.799999999999999 135.54 11.94 135.24 12.92Z", "M154.26000000000002 11.42V11.0H151.78C151.14000000000001 10.08 151.0 8.98 151.0 8.02C151.0 6.619999999999999 151.76000000000002 5.48 153.24 5.48C154.42000000000002 5.48 154.98000000000002 6.16 155.12 7.26H155.4C155.3 6.039999999999999 154.62 5.1 153.24 5.1C151.44 5.1 150.44 6.52 150.44 9.14V11.0H148.68V11.42H150.44V20.0H151.88V11.42Z", "M155.74 15.559999999999999C155.74 18.1 157.26000000000002 20.2 159.8 20.2C162.32000000000002 20.2 163.82000000000002 17.9 163.82000000000002 15.399999999999999C163.82000000000002 12.84 162.32000000000002 10.799999999999999 159.8 10.799999999999999C157.26000000000002 10.799999999999999 155.74 13.04 155.74 15.559999999999999ZM157.3 15.559999999999999C157.3 12.18 158.32000000000002 11.26 159.8 11.26C161.28000000000003 11.26 162.3 11.98 162.3 15.399999999999999C162.3 18.82 161.28000000000003 19.76 159.8 19.76C158.32000000000002 19.76 157.3 19.02 157.3 15.559999999999999Z", "M171.84 20.0H173.5L169.94 14.879999999999999L172.82000000000002 11.0H172.28L169.74 14.6L167.22 11.0H165.58L168.84 15.719999999999999L165.62 20.0H166.18L169.04000000000002 16.02Z", "M182.66 6.68H181.26V8.14H182.66ZM182.66 11.0H181.26V19.1C181.26 20.22 181.32 21.46 181.32 22.06C181.32 23.6 180.86 24.6 179.92000000000002 24.6C179.78 24.6 179.66 24.58 179.52 24.560000000000002V24.94C179.66 24.98 179.84 25.02 180.24 25.02C181.82 25.02 182.74 23.76 182.74 21.68C182.74 21.06 182.66 20.02 182.66 19.16Z", "M192.02 18.08V20.0H193.42000000000002V11.0H192.02V16.92C192.02 18.06 190.94 19.56 189.52 19.56C188.32000000000002 19.56 187.5 18.88 187.5 16.92V11.0H186.08V17.24C186.08 18.92 187.12 20.2 189.02 20.2C190.64000000000001 20.2 191.72 19.06 192.02 18.08Z", "M198.26000000000002 14.1C198.26000000000002 12.94 199.34 11.44 200.68 11.44C201.88000000000002 11.44 202.68 12.120000000000001 202.68 14.08V20.0H204.10000000000002V14.1C204.10000000000002 12.94 205.16000000000003 11.44 206.52 11.44C207.72000000000003 11.44 208.5 12.120000000000001 208.5 14.08V20.0H209.94000000000003V13.780000000000001C209.94000000000003 12.08 208.94000000000003 10.799999999999999 207.04000000000002 10.799999999999999C205.44000000000003 10.799999999999999 204.36 11.9 204.06 13.1C203.84 11.74 202.88000000000002 10.799999999999999 201.20000000000002 10.799999999999999C199.60000000000002 10.799999999999999 198.56 11.94 198.26000000000002 12.92V11.0H196.86V20.0H198.26000000000002Z", "M214.7 15.5C214.7 12.68 216.04 11.4 217.64000000000001 11.4C219.28 11.4 220.42000000000002 12.32 220.42000000000002 15.52C220.42000000000002 18.66 219.24 19.6 217.72 19.6C216.04 19.6 214.7 18.32 214.7 15.5ZM217.98 20.2C220.38 20.2 222.0 18.04 222.0 15.52C222.0 12.98 220.38 10.799999999999999 217.88 10.799999999999999C216.54 10.799999999999999 215.24 11.5 214.7 13.36V11.0H213.28V24.8H214.7V17.66C215.26 19.48 216.64000000000001 20.2 217.98 20.2Z", "M227.18 11.299999999999999C228.5 11.299999999999999 229.5 12.02 229.64000000000001 13.54H229.92000000000002C229.88 11.94 228.82000000000002 10.799999999999999 226.96 10.799999999999999C225.28 10.799999999999999 224.24 11.94 224.24 13.34C224.24 14.780000000000001 225.06 15.48 226.70000000000002 16.14C228.4 16.8 228.9 17.12 228.9 18.12C228.9 19.04 228.18 19.68 226.9 19.68C225.34 19.68 224.26000000000002 19.06 224.08 17.48H223.82000000000002C223.96 19.22 225.08 20.2 227.06 20.2C228.76000000000002 20.2 230.16 19.32 230.16 17.68C230.16 16.16 229.26000000000002 15.559999999999999 227.54000000000002 14.899999999999999C226.08 14.34 225.38 13.86 225.38 12.86C225.38 11.86 226.12 11.299999999999999 227.18 11.299999999999999Z", "M237.48 15.559999999999999C237.48 18.1 239.0 20.2 