{"width": 420.4200000000001, "height": 20, "dataStrings": ["M4.74 20.0H6.48V7.119999999999999H10.64V5.699999999999999H0.58V7.119999999999999H4.74Z", "M12.9 20.0H14.56V13.66C14.56 11.78 15.940000000000001 10.799999999999999 17.48 10.799999999999999C19.16 10.799999999999999 19.94 11.62 19.94 13.46V20.0H21.6V13.58C21.6 10.54 20.08 9.36 17.92 9.36C16.200000000000003 9.36 15.040000000000001 10.22 14.56 11.2V4.539999999999999H12.9Z", "M29.14 20.18C31.5 20.18 33.24 19.08 33.6 16.98H31.939999999999998C31.72 18.2 30.78 18.8 29.16 18.8C27.02 18.8 25.88 17.48 25.8 15.1H33.68V14.559999999999999C33.68 10.82 31.4 9.36 28.98 9.36C26.1 9.36 24.08 11.56 24.08 14.719999999999999V14.879999999999999C24.08 18.1 26.18 20.18 29.14 20.18ZM25.86 13.76C26.14 11.9 27.28 10.74 28.98 10.74C30.7 10.74 31.82 11.6 31.98 13.76Z", "M49.04 23.64H50.699999999999996V9.54H49.04V11.22C48.44 10.2 47.36 9.36 45.62 9.36C42.739999999999995 9.36 40.739999999999995 11.62 40.739999999999995 14.82V14.98C40.739999999999995 18.24 42.72 20.18 45.459999999999994 20.18C46.98 20.18 48.44 19.22 49.04 18.2ZM45.63999999999999 18.8C43.879999999999995 18.8 42.459999999999994 17.54 42.459999999999994 14.899999999999999V14.74C42.459999999999994 12.2 43.699999999999996 10.74 45.779999999999994 10.74C47.81999999999999 10.74 49.099999999999994 12.0 49.099999999999994 14.68V14.84C49.099999999999994 17.52 47.58 18.8 45.63999999999999 18.8Z", "M57.599999999999994 20.18C59.279999999999994 20.18 60.44 19.32 60.919999999999995 18.34V20.0H62.58V9.54H60.919999999999995V15.879999999999999C60.919999999999995 17.759999999999998 59.519999999999996 18.74 58.03999999999999 18.74C56.4 18.74 55.62 17.92 55.62 16.08V9.54H53.959999999999994V16.16C53.959999999999994 19.04 55.519999999999996 20.18 57.599999999999994 20.18Z", "M65.97999999999999 20.0H67.63999999999999V9.54H65.97999999999999ZM66.77999999999999 7.359999999999999C67.38 7.359999999999999 67.88 6.859999999999999 67.88 6.26C67.88 5.66 67.38 5.16 66.77999999999999 5.16C66.17999999999999 5.16 65.67999999999999 5.66 65.67999999999999 6.26C65.67999999999999 6.859999999999999 66.17999999999999 7.359999999999999 66.77999999999999 7.359999999999999Z", "M75.37999999999998 20.18C77.89999999999999 20.18 79.71999999999998 18.5 79.93999999999998 16.24H78.39999999999999C78.21999999999998 17.94 76.87999999999998 18.8 75.39999999999999 18.8C73.37999999999998 18.8 71.97999999999999 17.44 71.97999999999999 14.879999999999999V14.719999999999999C71.97999999999999 12.26 73.43999999999998 10.74 75.33999999999999 10.74C76.77999999999999 10.74 77.97999999999999 11.36 78.23999999999998 13.02H79.87999999999998C79.55999999999999 10.36 77.51999999999998 9.36 75.33999999999999 9.36C72.53999999999999 9.36 70.25999999999999 11.52 70.25999999999999 14.719999999999999V14.879999999999999C70.25999999999999 18.12 72.45999999999998 20.18 75.37999999999998 20.18Z", "M82.44 20.0H84.1V14.58L88.74 20.0H90.75999999999999L85.89999999999999 14.399999999999999L90.38 9.54H88.44L84.1 14.36V4.539999999999999H82.44Z", "M103.25999999999998 20.18C106.13999999999999 20.18 108.01999999999998 17.98 108.01999999999998 14.780000000000001V14.620000000000001C108.01999999999998 11.36 105.99999999999999 9.36 103.25999999999998 9.36C101.73999999999998 9.36 100.31999999999998 10.28 99.71999999999998 11.299999999999999V4.539999999999999H98.05999999999999V20.0H99.71999999999998V18.28C100.31999999999998 19.32 101.55999999999997 20.18 103.25999999999998 20.18ZM103.09999999999998 18.8C101.05999999999997 18.8 99.65999999999998 17.54 99.65999999999998 14.86V14.7C99.65999999999998 12.02 101.13999999999999 10.74 103.07999999999998 10.74C104.83999999999997 10.74 106.29999999999998 12.059999999999999 106.29999999999998 14.7V14.86C106.29999999999998 17.4 105.17999999999998 18.8 103.09999999999998 18.8Z", "M110.6 20.0H112.25999999999999V14.26C112.25999999999999 11.68 113.6 11.02 115.69999999999999 10.92V9.36C113.82 9.42 112.91999999999999 10.24 112.25999999999999 11.42V9.54H110.6Z", "M122.47999999999999 18.8C120.35999999999999 18.8 119.05999999999999 17.24 119.05999999999999 14.86V14.7C119.05999999999999 12.3 120.37999999999998 10.74 122.47999999999999 10.74C124.55999999999999 10.74 125.89999999999998 12.3 125.89999999999998 14.719999999999999V14.86C125.89999999999998 17.22 124.57999999999998 18.8 122.47999999999999 18.8ZM122.45999999999998 20.18C125.43999999999998 20.18 127.61999999999998 18.0 127.61999999999998 14.84V14.68C127.61999999999998 11.54 125.43999999999998 9.36 122.47999999999999 9.36C119.51999999999998 9.36 117.33999999999999 11.56 117.33999999999999 14.7V14.86C117.33999999999999 17.92 119.47999999999999 20.18 122.45999999999998 20.18Z", "M132.29999999999998 20.0H134.11999999999998L136.55999999999997 12.16L138.73999999999998 20.0H140.57999999999998L143.83999999999997 9.54H142.14L139.67999999999998 17.96L137.29999999999998 9.54H135.85999999999999L133.32 17.96L130.88 9.54H129.07999999999998Z", "M146.07999999999998 20.0H147.73999999999998V13.66C147.73999999999998 11.78 149.11999999999998 10.799999999999999 150.65999999999997 10.799999999999999C152.33999999999997 10.799999999999999 153.11999999999998 11.62 153.11999999999998 13.46V20.0H154.77999999999997V13.58C154.77999999999997 10.54 153.26 9.36 151.09999999999997 9.36C149.37999999999997 9.36 148.21999999999997 10.22 147.73999999999998 11.2V9.54H146.07999999999998Z", "M163.7 20.0H165.35999999999999V10.94H167.92V9.54H165.35999999999999V7.66C165.35999999999999 6.6 165.79999999999998 5.859999999999999 166.88 5.859999999999999C167.34 5.859999999999999 167.76 5.959999999999999 168.06 6.08V4.68C167.64 4.539999999999999 167.35999999999999 4.48 166.82 4.48C164.74 4.48 163.7 5.719999999999999 163.7 7.84V9.54H162.2V10.94H163.7Z", "M174.61999999999998 18.8C172.49999999999997 18.8 171.2 17.24 171.2 14.86V14.7C171.2 12.3 172.51999999999998 10.74 174.61999999999998 10.74C176.7 10.74 178.04 12.3 178.04 14.719999999999999V14.86C178.04 17.22 176.71999999999997 18.8 174.61999999999998 18.8ZM174.6 20.18C177.57999999999998 20.18 179.76 18.0 179.76 14.84V14.68C179.76 11.54 177.57999999999998 9.36 174.61999999999998 9.36C171.66 9.36 169.48 11.56 169.48 14.7V14.86C169.48 17.92 171.61999999999998 20.18 174.6 20.18Z", "M181.22 20.0H183.0L185.88 15.780000000000001L188.7 20.0H190.66L186.84 14.5L190.3 9.54H188.5L185.96 13.34L183.4 9.54H181.46L184.96 14.620000000000001Z", "M196.70000000000002 23.82C199.02 23.740000000000002 199.9 22.66 199.9 20.66V9.54H198.24V20.8C198.24 21.72 197.88000000000002 22.32 196.70000000000002 22.42ZM199.04000000000002 7.359999999999999C199.64000000000001 7.359999999999999 200.14000000000001 6.859999999999999 200.14000000000001 6.26C200.14000000000001 5.66 199.64000000000001 5.16 199.04000000000002 5.16C198.44 5.16 197.94 5.66 197.94 6.26C197.94 6.859999999999999 198.44 7.359999999999999 199.04000000000002 7.359999999999999Z", "M206.84 20.18C208.52 20.18 209.68 19.32 210.16 18.34V20.0H211.82V9.54H210.16V15.879999999999999C210.16 17.759999999999998 208.76 18.74 207.28 18.74C205.64000000000001 18.74 204.86 17.92 204.86 16.08V9.54H203.20000000000002V16.16C203.20000000000002 19.04 204.76 20.18 206.84 20.18Z", "M215.18 20.0H216.84V13.6C216.84 11.72 218.24 10.799999999999999 219.6 10.799999999999999C221.04 10.799999999999999 221.82 11.56 221.82 13.399999999999999V20.0H223.48V13.6C223.48 11.72 224.88 10.799999999999999 226.24 10.799999999999999C227.68 10.799999999999999 228.46 11.56 228.46 13.399999999999999V20.0H230.12V13.52C230.12 10.48 228.48 9.36 226.6 9.36C225.3 9.36 223.74 9.959999999999999 223.02 11.32C222.48 9.92 221.3 9.36 219.96 9.36C218.46 9.36 217.32 10.16 216.84 11.14V9.54H215.18Z", "M233.38 23.64H235.04V18.28C235.64 19.32 236.85999999999999 20.18 238.57999999999998 20.18C241.45999999999998 20.18 243.33999999999997 17.98 243.33999999999997 14.780000000000001V14.620000000000001C243.33999999999997 11.36 241.32 9.36 238.57999999999998 9.36C237.06 9.36 235.64 10.28 235.04 11.299999999999999V9.54H233.38ZM238.42 18.8C236.38 18.8 234.98 17.54 234.98 14.86V14.7C234.98 12.02 