{"width": 421.3999999999999, "height": 20, "dataStrings": ["M9.1 20.0V19.1H7.08V6.619999999999999H11.26V8.9H12.280000000000001V5.699999999999999H0.76V8.9H1.78V6.619999999999999H5.96V19.1H3.94V20.0Z", "M17.92 20.0V19.16H16.3V13.64C16.3 11.459999999999999 18.02 10.299999999999999 19.72 10.299999999999999C21.54 10.299999999999999 22.58 11.28 22.58 13.46V19.16H20.96V20.0H25.22V19.16H23.64V13.52C23.64 10.56 22.14 9.379999999999999 19.96 9.379999999999999C18.12 9.379999999999999 16.78 10.48 16.3 11.64V4.539999999999999H13.64V5.42H15.24V19.16H13.700000000000001V20.0Z", "M31.380000000000003 20.16C33.620000000000005 20.16 35.28 19.08 35.72 17.08H34.660000000000004C34.3 18.54 33.120000000000005 19.26 31.380000000000003 19.26C28.900000000000002 19.26 27.560000000000002 17.66 27.52 14.86H35.8V14.48C35.8 11.02 33.74 9.379999999999999 31.220000000000002 9.379999999999999C28.42 9.379999999999999 26.42 11.56 26.42 14.719999999999999V14.879999999999999C26.42 18.02 28.36 20.16 31.380000000000003 20.16ZM27.560000000000002 14.0C27.76 11.72 29.200000000000003 10.28 31.220000000000002 10.28C33.260000000000005 10.28 34.6 11.459999999999999 34.72 14.0Z", "M46.6 19.26C44.52 19.26 42.9 17.74 42.9 14.879999999999999V14.719999999999999C42.9 11.9 44.52 10.28 46.76 10.28C48.96 10.28 50.5 11.8 50.5 14.68V14.84C50.5 17.72 48.74 19.26 46.6 19.26ZM53.1 23.64V22.8H51.54V10.42H53.14V9.54H50.480000000000004V11.86C49.9 10.56 48.72 9.379999999999999 46.66 9.379999999999999C43.9 9.379999999999999 41.8 11.54 41.8 14.76V14.92C41.8 18.24 43.84 20.16 46.5 20.16C48.480000000000004 20.16 49.94 18.84 50.480000000000004 17.58V22.8H48.76V23.64Z", "M62.84 17.94V20.0H65.58V19.16H63.9V9.54H61.3V10.42H62.84V15.9C62.84 18.1 61.160000000000004 19.24 59.480000000000004 19.24C57.68 19.24 56.64 18.32 56.64 16.12V9.54H54.04V10.42H55.56V16.08C55.56 19.06 57.08 20.16 59.24 20.16C61.04 20.16 62.36 19.1 62.84 17.94Z", "M68.60000000000001 7.199999999999999C69.02000000000001 7.199999999999999 69.36 6.859999999999999 69.36 6.42C69.36 6.0 69.02000000000001 5.66 68.60000000000001 5.66C68.16000000000001 5.66 67.82000000000001 6.0 67.82000000000001 6.42C67.82000000000001 6.859999999999999 68.16000000000001 7.199999999999999 68.60000000000001 7.199999999999999ZM70.82000000000001 20.0V19.16H69.22V9.54H66.56V10.42H68.16000000000001V19.16H66.62V20.0Z", "M80.44000000000001 11.24C80.08000000000001 10.299999999999999 78.92000000000002 9.379999999999999 77.04 9.379999999999999C74.30000000000001 9.379999999999999 72.04 11.52 72.04 14.719999999999999V14.879999999999999C72.04 18.06 74.22000000000001 20.16 77.04 20.16C79.42000000000002 20.16 81.22000000000001 18.62 81.50000000000001 16.38H80.52000000000001C80.26 18.26 78.78000000000002 19.26 77.04 19.26C74.84 19.26 73.14000000000001 17.64 73.14000000000001 14.879999999999999V14.719999999999999C73.14000000000001 11.959999999999999 74.86000000000001 10.28 77.04 10.28C78.86000000000001 10.28 80.16000000000001 11.28 80.48 12.899999999999999H81.4V9.54H80.44000000000001Z", "M87.26000000000002 19.16H85.70000000000002V14.559999999999999L91.24000000000001 20.0H93.16000000000001V19.16H91.72000000000001L86.92000000000002 14.44L91.42000000000002 10.379999999999999H92.84000000000002V9.54H88.66000000000001V10.34H90.28000000000002L85.70000000000002 14.52V4.539999999999999H83.02000000000001V5.42H84.64000000000001V19.16H83.10000000000001V20.0H87.26000000000002Z", "M105.08000000000003 19.26C102.90000000000002 19.26 101.16000000000003 17.72 101.16000000000003 14.86V14.7C101.16000000000003 11.82 103.02000000000002 10.28 105.06000000000002 10.28C107.06000000000002 10.28 108.76000000000002 11.82 108.76000000000002 14.7V14.86C108.76000000000002 17.66 107.28000000000003 19.26 105.08000000000003 19.26ZM105.16000000000003 20.16C107.86000000000003 20.16 109.86000000000003 18.1 109.86000000000003 14.82V14.66C109.86000000000003 11.4 107.80000000000003 9.379999999999999 105.16000000000003 9.379999999999999C103.32000000000002 9.379999999999999 101.78000000000003 10.6 101.18000000000002 12.04V4.539999999999999H98.52000000000002V5.42H100.12000000000002V19.16H98.58000000000003V20.0H101.18000000000002V17.6C101.74000000000002 18.9 103.10000000000002 20.16 105.16000000000003 20.16Z", "M115.64000000000003 20.0V19.16H113.90000000000002V14.2C113.90000000000002 11.44 115.58000000000003 10.459999999999999 117.86000000000003 10.48V9.44C115.60000000000002 9.44 114.40000000000002 10.56 113.90000000000002 11.86V9.54H111.24000000000002V10.42H112.84000000000003V19.16H111.30000000000003V20.0Z", "M124.46000000000002 20.16C127.28000000000002 20.16 129.52 18.0 129.52 14.84V14.68C129.52 11.5 127.30000000000001 9.379999999999999 124.50000000000001 9.379999999999999C121.68000000000002 9.379999999999999 119.42000000000002 11.56 119.42000000000002 14.7V14.86C119.42000000000002 17.94 121.62000000000002 20.16 124.46000000000002 20.16ZM124.48000000000002 19.26C122.20000000000002 19.26 120.52000000000002 17.54 120.52000000000002 14.86V14.7C120.52000000000002 11.98 122.24000000000002 10.28 124.50000000000001 10.28C126.72000000000001 10.28 128.42000000000002 11.94 128.42000000000002 14.7V14.86C128.42000000000002 17.56 126.72000000000001 19.26 124.48000000000002 19.26Z", "M138.76000000000002 11.24 141.36000000000004 20.0H142.54000000000002L145.58000000000004 10.42H146.76000000000005V9.54H142.82000000000002V10.42H144.54000000000002L142.00000000000003 18.7L139.24000000000004 9.54H138.34000000000003L135.48000000000002 18.7L132.94000000000003 10.42H134.60000000000002V9.54H130.62000000000003V10.42H131.82000000000002L134.84000000000003 20.0H135.98000000000002Z", "M151.90000000000003 20.0V19.16H150.28000000000003V13.64C150.28000000000003 11.459999999999999 152.00000000000003 10.299999999999999 153.70000000000002 10.299999999999999C155.52 10.299999999999999 156.56000000000003 11.28 156.56000000000003 13.46V19.16H154.94000000000003V20.0H159.20000000000002V19.16H157.62000000000003V13.52C157.62000000000003 10.56 156.12000000000003 9.379999999999999 153.94000000000003 9.379999999999999C152.10000000000002 9.379999999999999 150.76000000000002 10.48 150.28000000000003 11.64V9.54H147.62000000000003V10.42H149.22000000000003V19.16H147.68V20.0Z", "M169.14000000000001 20.0V19.16H167.20000000000002V10.44H170.12000000000003V9.54H167.20000000000002V7.58C167.20000000000002 6.039999999999999 167.98000000000002 5.379999999999999 169.14000000000001 5.379999999999999C169.58000000000004 5.379999999999999 169.96000000000004 5.459999999999999 170.26000000000002 5.5600000000000005V4.66C169.88000000000002 4.539999999999999 169.60000000000002 4.48 169.10000000000002 4.48C167.36000000000004 4.48 166.14000000000001 5.48 166.14000000000001 7.66V9.54H164.56000000000003V10.44H166.14000000000001V19.16H164.60000000000002V20.0Z", "M176.56000000000003 20.16C179.38000000000002 20.16 181.62000000000003 18.0 181.62000000000003 14.84V14.68C181.62000000000003 11.5 179.40000000000003 9.379999999999999 176.60000000000002 9.379999999999999C173.78000000000003 9.379999999999999 171.52000000000004 11.56 171.52000000000004 14.7V14.86C171.52000000000004 17.94 173.72000000000003 20.16 176.56000000000003 20.16ZM176.58000000000004 19.26C174.30000000000004 19.26 172.62000000000003 17.54 172.62000000000003 14.86V14.7C172.62000000000003 11.98 174.34000000000003 10.28 176.60000000000002 10.28C178.82000000000002 10.28 180.52000000000004 11.94 180.52000000000004 14.7V14.86C180.52000000000004 17.56 178.82000000000002 19.26 176.58000000000004 19.26Z", "M186.90000000000003 19.2H185.22000000000003L188.22000000000003 15.280000000000001L191.24000000000004 19.2H189.58000000000004V20.0H193.58000000000004V19.16H192.40000000000003L188.88000000000002 14.58L192.08000000000004 10.42H193.36V9.54H189.48000000000002V10.379999999999999H191.04000000000002L188.36 13.94L185.64000000000001 10.379999999999999H187.18000000000004V9.54H183.12000000000003V10.42H184.40000000000003L187.68000000000004 14.64L184.20000000000002 19.16H183.04000000000002V20.0H186.90000000000003Z", "M201.06000000000003 