{"width": 446.93999999999994, "height": 20, "dataStrings": ["M5.68 20.0H7.28V7.459999999999999H11.98V6.0H0.98V7.459999999999999H5.68Z", "M14.360000000000001 20.0H15.9V14.08C15.9 12.14 17.22 10.84 19.0 10.84C20.82 10.84 21.86 12.04 21.86 13.96V20.0H23.4V13.58C23.4 11.12 21.94 9.44 19.44 9.44C17.66 9.44 16.580000000000002 10.34 15.9 11.459999999999999V5.4H14.360000000000001Z", "M31.200000000000003 20.24C33.16 20.24 34.42 19.46 35.46 18.3L34.5 17.44C33.660000000000004 18.32 32.660000000000004 18.9 31.240000000000002 18.9C29.400000000000002 18.9 27.82 17.64 27.6 15.399999999999999H35.8C35.82 15.219999999999999 35.82 15.1 35.82 14.899999999999999C35.82 11.879999999999999 34.06 9.44 31.0 9.44C28.14 9.44 26.04 11.84 26.04 14.82V14.86C26.04 18.06 28.36 20.24 31.200000000000003 20.24ZM27.6 14.26C27.8 12.24 29.16 10.74 30.96 10.74C33.02 10.74 34.1 12.379999999999999 34.260000000000005 14.26Z", "M52.81999999999999 23.2H54.36V9.66H52.81999999999999V11.64C52.019999999999996 10.48 50.78 9.44 48.86 9.44C46.379999999999995 9.44 43.919999999999995 11.44 43.919999999999995 14.82V14.86C43.919999999999995 18.26 46.379999999999995 20.22 48.86 20.22C50.76 20.22 51.98 19.16 52.81999999999999 17.92ZM49.14 18.84C47.199999999999996 18.84 45.5 17.28 45.5 14.84V14.8C45.5 12.3 47.14 10.82 49.14 10.82C51.059999999999995 10.82 52.879999999999995 12.42 52.879999999999995 14.8V14.84C52.879999999999995 17.22 51.059999999999995 18.84 49.14 18.84Z", "M61.6 20.22C63.379999999999995 20.22 64.44 19.32 65.14 18.2V20.0H66.66V9.66H65.14V15.58C65.14 17.52 63.8 18.82 62.04 18.82C60.22 18.82 59.18 17.62 59.18 15.7V9.66H57.64V16.08C57.64 18.54 59.1 20.22 61.6 20.22Z", "M70.16000000000001 7.4H71.92V5.699999999999999H70.16000000000001ZM70.26 20.0H71.80000000000001V9.66H70.26Z", "M80.04 20.24C81.98000000000002 20.24 83.22000000000001 19.4 84.26 18.24L83.28000000000002 17.32C82.46000000000001 18.2 81.44000000000001 18.86 80.12 18.86C77.96000000000001 18.86 76.32000000000001 17.08 76.32000000000001 14.84V14.8C76.32000000000001 12.58 77.92000000000002 10.799999999999999 80.02000000000001 10.799999999999999C81.42000000000002 10.799999999999999 82.34 11.5 83.16000000000001 12.36L84.18 11.28C83.22000000000001 10.26 82.00000000000001 9.44 80.04 9.44C77.02000000000001 9.44 74.74000000000001 11.92 74.74000000000001 14.84V14.879999999999999C74.74000000000001 17.78 77.02000000000001 20.24 80.04 20.24Z", "M86.80000000000001 20.0H88.34000000000002V17.3L90.44000000000001 15.18L94.14000000000001 20.0H95.98000000000002L91.50000000000001 14.1L95.84000000000002 9.66H93.92000000000002L88.34000000000002 15.48V5.4H86.80000000000001Z", "M109.68 20.22C112.18 20.22 114.62 18.22 114.62 14.84V14.8C114.62 11.4 112.16000000000001 9.44 109.68 9.44C107.78 9.44 106.56 10.5 105.72000000000001 11.74V5.4H104.18V20.0H105.72000000000001V18.02C106.52000000000001 19.18 107.76 20.22 109.68 20.22ZM109.4 18.84C107.48 18.84 105.66000000000001 17.24 105.66000000000001 14.84V14.8C105.66000000000001 12.44 107.48 10.82 109.4 10.82C111.36000000000001 10.82 113.04 12.379999999999999 113.04 14.82V14.86C113.04 17.36 111.4 18.84 109.4 18.84Z", "M117.46000000000001 20.0H119.00000000000001V15.879999999999999C119.00000000000001 12.76 120.84 11.14 123.10000000000001 11.14H123.22000000000001V9.48C121.26 9.4 119.76 10.64 119.00000000000001 12.36V9.66H117.46000000000001Z", "M129.84 20.24C132.96 20.24 135.26 17.759999999999998 135.26 14.84V14.8C135.26 11.879999999999999 132.98000000000002 9.44 129.88 9.44C126.76 9.44 124.48 11.92 124.48 14.84V14.879999999999999C124.48 17.8 126.74000000000001 20.24 129.84 20.24ZM129.88 18.86C127.7 18.86 126.06 17.06 126.06 14.84V14.8C126.06 12.620000000000001 127.60000000000001 10.799999999999999 129.84 10.799999999999999C132.02 10.799999999999999 133.68 12.620000000000001 133.68 14.84V14.879999999999999C133.68 17.06 132.12 18.86 129.88 18.86Z", "M140.28 20.08H141.64L144.44 11.92L147.22 20.08H148.56L152.2 9.66H150.6L147.88 17.96L145.07999999999998 9.62H143.79999999999998L141.01999999999998 17.96L138.29999999999998 9.66H136.66Z", "M154.76 20.0H156.29999999999998V14.08C156.29999999999998 12.14 157.62 10.84 159.4 10.84C161.22 10.84 162.26 12.04 162.26 13.96V20.0H163.79999999999998V13.58C163.79999999999998 11.12 162.34 9.44 159.84 9.44C158.06 9.44 156.98 10.34 156.29999999999998 11.459999999999999V9.66H154.76Z", "M173.66 20.0H175.2V11.02H178.45999999999998V9.7H175.17999999999998V8.86C175.17999999999998 7.379999999999999 175.77999999999997 6.66 176.98 6.66C177.5 6.66 177.92 6.76 178.48 6.92V5.58C177.98 5.4 177.5 5.32 176.77999999999997 5.32C175.83999999999997 5.32 175.07999999999998 5.6 174.55999999999997 6.119999999999999C173.98 6.699999999999999 173.66 7.6 173.66 8.78V9.68H172.23999999999998V11.02H173.66Z", "M184.94 20.24C188.06 20.24 190.36 17.759999999999998 190.36 14.84V14.8C190.36 11.879999999999999 188.08 9.44 184.98 9.44C181.86 9.44 179.58 11.92 179.58 14.84V14.879999999999999C179.58 17.8 181.84 20.24 184.94 20.24ZM184.98 18.86C182.8 18.86 181.16 17.06 181.16 14.84V14.8C181.16 12.620000000000001 182.7 10.799999999999999 184.94 10.799999999999999C187.12 10.799999999999999 188.78 12.620000000000001 188.78 14.84V14.879999999999999C188.78 17.06 187.22 18.86 184.98 18.86Z", "M193.42 9.66H191.66L195.54 14.74L191.5 20.0H193.22L196.44 15.74L199.64 20.0H201.42L197.34 14.719999999999999L201.26 9.66H199.54L196.46 13.7Z", "M209.95999999999998 7.4H211.72V5.699999999999999H209.95999999999998ZM209.07999999999998 23.26C210.64 23.26 211.6 22.42 211.6 20.6V9.66H210.06V20.58C210.06 21.54 209.57999999999998 21.96 208.88 21.96C208.66 21.96 208.35999999999999 21.94 208.11999999999998 21.9V23.16C208.45999999999998 23.240000000000002 208.72 23.26 209.07999999999998 23.26Z", "M218.98 20.22C220.76 20.22 221.82 19.32 222.51999999999998 18.2V20.0H224.04V9.66H222.51999999999998V15.58C222.51999999999998 17.52 221.17999999999998 18.82 219.42 18.82C217.59999999999997 18.82 216.55999999999997 17.62 216.55999999999997 15.7V9.66H215.01999999999998V16.08C215.01999999999998 18.54 216.48 20.22 218.98 20.22Z", "M227.49999999999997 20.0H229.03999999999996V14.1C229.03999999999996 12.2 230.27999999999997 10.84 231.91999999999996 10.84C233.55999999999997 10.84 234.57999999999998 11.98 234.57999999999998 13.92V20.0H236.11999999999998V14.04C236.11999999999998 12.0 237.39999999999998 10.84 238.95999999999998 10.84C240.64 10.84 241.64 11.959999999999999 241.64 13.96V20.0H243.17999999999998V13.6C243.17999999999998 11.04 241.71999999999997 9.44 239.33999999999997 9.44C237.53999999999996 9.44 236.43999999999997 10.36 235.69999999999996 11.5C235.14 10.34 234.05999999999997 9.44 232.37999999999997 9.44C230.64 9.44 229.71999999999997 10.379999999999999 229.03999999999996 11.4V9.66H227.49999999999997Z", "M246.51999999999998 23.2H248.05999999999997V18.02C248.85999999999999 19.18 250.1 20.22 252.01999999999998 20.22C254.51999999999998 20.22 256.96 18.22 256.96 14.84V14.8C256.96 11.4 254.49999999999997 9.44 252.01999999999998 9.44C250.11999999999998 9.44 248.89999999999998 10.5 248.05999999999997 11.74V9.66H246.51999999999998ZM251.73999999999998 18.84C249.82 18.84 247.99999999999997 17.24 247.99999999999997 14.84V14.8C247.99999999999997 12.44 249.82 10.82 251.73999999999998 10.82C253.7 10.82 255.38 12.379999999999999 255.38 14.82V14.86C255.38 17.36 253.73999999999998 18.84 251.73999999999998 18.84Z", "M263.21999999999997 20.2C265.28 20.2 266.9 19.06 266.9 17.1V17.06C266.9 15.2 265.18 14.58 263.58 14.1C262.2 13.68 260.91999999999996 13.3 260.91999999999996 12.32V12.280000000000001C260.91999999999996 11.42 261.7 10.78 262.91999999999996 10.78C263.91999999999996 10.78 265.02 11.16 265.97999999999996 11.78L266.68 10.62C265.62 9.92 264.21999999999997 9.48 262.96 9.48C260.91999999999996 9.48 259.44 10.66 259.44 12.44V12.48C259.44 14.379999999999999 261.24 14.94 262.85999999999996 15.399999999999999C264.21999999999997 15.780000000000001 265.44 16.18 265.44 17.22V17.259999999999998C265.44 18.26 264.53999999999996 18.9 263.3 18.9C262.08 18.9 260.84 18.42 259.71999999999997 