{"width": 355.98, "height": 20, "dataStrings": ["M4.8 6.119999999999999V20.0H5.2V6.119999999999999H10.34V5.719999999999999H-0.34V6.119999999999999Z", "M11.1 20.0H11.5V14.18C11.5 11.9 12.780000000000001 9.879999999999999 15.24 9.879999999999999C16.98 9.879999999999999 18.5 10.86 18.5 13.24V20.0H18.9V13.18C18.9 10.799999999999999 17.38 9.48 15.24 9.48C13.22 9.48 11.92 10.68 11.54 12.26H11.5V5.719999999999999H11.1Z", "M20.9 14.54C21.04 11.66 22.82 9.879999999999999 25.04 9.879999999999999C27.7 9.879999999999999 29.12 12.02 29.1 14.54ZM29.5 14.94C29.62 12.120000000000001 28.2 9.48 25.0 9.48C22.68 9.48 20.5 11.44 20.5 14.86C20.5 17.92 21.82 20.28 25.0 20.24C27.34 20.24 29.1 18.8 29.380000000000003 16.44H28.98C28.64 18.66 27.08 19.84 24.96 19.84C22.04 19.84 20.94 17.7 20.9 14.94Z", "M44.660000000000004 12.6H44.620000000000005C44.1 10.799999999999999 42.6 9.48 40.5 9.48C37.78 9.48 36.120000000000005 11.74 36.120000000000005 14.84C36.120000000000005 17.72 37.660000000000004 20.24 40.5 20.24C42.68 20.24 44.14 18.98 44.620000000000005 17.12H44.660000000000004V23.54H45.06V9.72H44.660000000000004ZM44.660000000000004 14.84C44.660000000000004 18.02 43.0 19.84 40.5 19.84C37.68 19.84 36.52 17.22 36.52 14.84C36.52 12.2 37.84 9.879999999999999 40.5 9.879999999999999C43.14 9.879999999999999 44.660000000000004 12.18 44.660000000000004 14.84Z", "M55.2 9.72H54.800000000000004V15.54C54.800000000000004 17.82 53.52 19.84 51.06 19.84C49.32000000000001 19.84 47.800000000000004 18.86 47.800000000000004 16.48V9.72H47.400000000000006V16.54C47.400000000000006 18.92 48.92 20.24 51.06 20.24C53.080000000000005 20.24 54.38 19.04 54.760000000000005 17.46H54.800000000000004V20.0H55.2Z", "M57.800000000000004 9.72H57.400000000000006V20.0H57.800000000000004ZM57.800000000000004 5.719999999999999H57.400000000000006V7.74H57.800000000000004Z", "M67.88000000000001 16.5C67.72 18.56 66.10000000000001 19.84 64.08000000000001 19.84C61.36000000000001 19.84 59.92000000000001 17.6 59.92000000000001 15.08C59.92000000000001 12.66 61.040000000000006 9.879999999999999 64.32000000000001 9.879999999999999C66.02000000000001 9.879999999999999 67.48 10.84 67.80000000000001 12.84H68.2C67.94000000000001 10.66 66.24000000000001 9.48 64.32000000000001 9.48C61.02 9.48 59.52 12.1 59.52 15.08C59.52 17.88 61.160000000000004 20.24 64.08000000000001 20.24C66.4 20.24 68.06 18.8 68.28 16.5Z", "M73.06 13.92 77.88000000000001 20.0H78.42L73.36 13.64L78.08000000000001 9.72H77.5L70.4 15.620000000000001V5.719999999999999H70.0V20.0H70.4V16.12Z", "M84.84 14.879999999999999C84.84 11.7 86.5 9.879999999999999 89.0 9.879999999999999C91.82000000000001 9.879999999999999 92.98 12.5 92.98 14.879999999999999C92.98 17.52 91.66 19.84 89.0 19.84C86.36 19.84 84.84 17.54 84.84 14.879999999999999ZM84.84 5.719999999999999H84.44V20.0H84.84V17.12H84.88000000000001C85.4 18.92 86.9 20.24 89.0 20.24C91.72 20.24 93.38000000000001 17.98 93.38000000000001 14.879999999999999C93.38000000000001 12.0 91.84 9.48 89.0 9.48C86.82000000000001 9.48 85.36 10.74 84.88000000000001 12.6H84.84Z", "M95.58 14.18C95.58 11.94 96.84 9.74 99.66 9.879999999999999V9.48C97.2 9.4 96.0 10.74 95.62 12.26H95.58V9.72H95.17999999999999V20.0H95.58Z", "M99.82 14.86C99.82 17.68 101.44 20.24 104.44 20.24C107.46 20.24 109.07999999999998 17.68 109.07999999999998 14.86C109.07999999999998 12.059999999999999 107.46 9.48 104.46 9.48C101.44 9.48 99.82 12.059999999999999 99.82 14.86ZM100.21999999999998 14.86C100.21999999999998 12.3 101.67999999999999 9.879999999999999 104.46 9.879999999999999C107.19999999999999 9.879999999999999 108.67999999999999 12.3 108.67999999999999 14.86C108.67999999999999 17.46 107.19999999999999 19.84 104.46 19.84C101.67999999999999 19.84 100.21999999999998 17.46 100.21999999999998 14.86Z", "M119.97999999999999 19.6H119.93999999999998L116.77999999999999 9.72H116.15999999999998L112.97999999999999 19.6H112.93999999999998L109.87999999999998 9.72H109.47999999999999L112.67999999999999 20.0H113.23999999999998L116.45999999999998 10.12H116.49999999999999L119.69999999999999 20.0H120.21999999999998L123.49999999999999 9.72H123.1Z", "M124.43999999999998 20.0H124.83999999999999V14.18C124.83999999999999 11.9 126.11999999999999 9.879999999999999 128.57999999999998 9.879999999999999C130.32 9.879999999999999 131.83999999999997 10.86 131.83999999999997 13.24V20.0H132.23999999999998V13.18C132.23999999999998 10.799999999999999 130.72 9.48 128.57999999999998 9.48C126.55999999999999 9.48 125.25999999999999 10.68 124.88 12.26H124.83999999999999V9.72H124.43999999999998Z", "M140.64 10.12V20.0H141.03999999999996V10.12H143.26V9.72H141.03999999999996V7.58C141.03999999999996 6.58 141.29999999999998 6.119999999999999 142.57999999999998 6.119999999999999C142.87999999999997 6.119999999999999 143.14 6.140000000000001 143.51999999999998 6.199999999999999V5.799999999999999C143.29999999999998 5.779999999999999 143.01999999999998 5.719999999999999 142.65999999999997 5.719999999999999C141.79999999999998 5.719999999999999 140.64 5.799999999999999 140.64 7.4399999999999995V9.72H138.87999999999997V10.12Z", "M143.54 14.86C143.54 17.68 145.16 20.24 148.16 20.24C151.17999999999998 20.24 152.79999999999998 17.68 152.79999999999998 14.86C152.79999999999998 12.059999999999999 151.17999999999998 9.48 148.17999999999998 9.48C145.16 9.48 143.54 12.059999999999999 143.54 14.86ZM143.94 14.86C143.94 12.3 145.39999999999998 9.879999999999999 148.17999999999998 9.879999999999999C150.92 9.879999999999999 152.39999999999998 12.3 152.39999999999998 14.86C152.39999999999998 17.46 150.92 19.84 148.17999999999998 19.84C145.39999999999998 19.84 143.94 17.46 143.94 14.86Z", "M157.42 14.379999999999999 153.95999999999998 9.72H153.44L157.17999999999998 14.68L153.05999999999997 20.0H153.55999999999997L157.42 14.98L161.29999999999998 20.0H161.79999999999998L157.67999999999998 14.68L161.44 9.72H160.95999999999998Z", "M168.56 9.72H168.16V21.36C168.16 23.06 167.64000000000001 23.14 166.08 23.14V23.54C167.66 23.52 168.56 23.4 168.56 21.5ZM168.56 5.719999999999999H168.16V7.74H168.56Z", "M178.56 9.72H178.16V15.54C178.16 17.82 176.88 19.84 174.42 19.84C172.68 19.84 171.16 18.86 171.16 16.48V9.72H170.76V16.54C170.76 18.92 172.28 20.24 174.42 20.24C176.44 20.24 177.74 19.04 178.12 17.46H178.16V20.0H178.56Z", "M180.76 20.0H181.16V14.18C181.16 11.9 182.44 9.879999999999999 184.48 9.879999999999999C186.76 9.879999999999999 187.26 11.5 187.24 13.399999999999999V20.0H187.64V13.48C187.66 11.56 188.84 9.879999999999999 190.85999999999999 9.879999999999999C193.1 9.879999999999999 193.72 11.2 193.72 13.24V20.0H194.12V13.24C194.12 11.02 193.34 9.48 190.85999999999999 9.48C189.3 9.48 188.0 10.459999999999999 187.6 11.879999999999999H187.56C187.22 10.36 186.07999999999998 9.44 184.48 9.48C182.88 9.48 181.57999999999998 10.68 181.2 12.26H181.16V9.72H180.76Z", "M200.88 19.84C198.38 19.84 196.72 18.02 196.72 14.84C196.72 12.18 198.24 9.879999999999999 200.88 9.879999999999999C203.54 9.879999999999999 204.86 12.2 204.86 14.84C204.86 17.22 203.7 19.84 200.88 19.84ZM196.72 17.12H196.76C197.24 18.98 198.7 20.24 200.88 20.24C203.72 20.24 205.26 17.72 205.26 14.84C205.26 11.74 203.6 9.48 200.88 9.48C198.78 9.48 197.28 10.799999999999999 196.76 12.6H196.72V9.72H196.32V23.54H196.72Z", "M214.16 12.76C214.16 10.48 212.72 9.48 210.44 9.48C207.88 9.48 206.96 10.92 206.96 12.059999999999999C206.96 13.16 207.36 13.82 208.20000000000002 14.18C208.78 14.44 209.52 14.64 210.5 14.879999999999999C212.26000000000002 15.32 214.04000000000002 15.6 214.04000000000002 17.42C214.04000000000002 19.18 212.20000000000002 19.84 210.72 19.84C208.34 19.84 206.96 18.76 206.96 16.48H206.56C206.56 19.06 208.02 20.24 210.72 20.24C212.5 20.24 214.44 19.44 214.44 17.38C214.44 15.42 212.72 15.02 211.14000000000001 14.620000000000001C210.04000000000002 14.32 209.22 14.14 208.5 13.86C207.8 13.58 207.36 13.08 207.36 12.059999999999999C207.36 11.7 207.56 9.879999999999999 210.44 9.879999999999999C212.4 9.879999999999999 213.76000000000002 10.7 213.76000000000002 12.76Z", "M221.34 14.86C221.34 