{"width": 409.20000000000005, "height": 20, "dataStrings": ["M0.2 7.199999999999999H3.14V20.0H5.54V7.199999999999999H8.48V5.0H0.2Z", "M12.48 14.5C12.48 12.82 13.280000000000001 11.9 14.58 11.9C15.879999999999999 11.9 16.68 12.82 16.68 14.5V20.0H19.08V14.02C19.08 11.2 17.48 9.799999999999999 15.36 9.799999999999999C14.120000000000001 9.799999999999999 13.1 10.379999999999999 12.48 11.44V5.0H10.08V20.0H12.48Z", "M31.000000000000004 15.0C31.000000000000004 11.94 28.900000000000002 9.799999999999999 26.040000000000003 9.799999999999999C23.180000000000003 9.799999999999999 21.080000000000002 11.94 21.080000000000002 15.0C21.080000000000002 18.06 23.180000000000003 20.2 26.040000000000003 20.2C28.400000000000002 20.2 30.14 19.08 30.740000000000002 17.0H28.14C27.820000000000004 17.7 27.200000000000003 18.1 26.14 18.1C24.660000000000004 18.1 23.700000000000003 17.259999999999998 23.44 15.8H30.96C30.980000000000004 15.54 31.000000000000004 15.280000000000001 31.000000000000004 15.0ZM26.040000000000003 11.9C27.440000000000005 11.9 28.360000000000003 12.7 28.620000000000005 14.1H23.46C23.720000000000002 12.7 24.64 11.9 26.040000000000003 11.9Z", "M47.2 10.0H44.800000000000004V11.26C44.06 10.34 43.00000000000001 9.799999999999999 41.800000000000004 9.799999999999999C39.06 9.799999999999999 37.00000000000001 11.94 37.00000000000001 15.0C37.00000000000001 18.06 39.06 20.2 41.800000000000004 20.2C43.00000000000001 20.2 44.06 19.66 44.800000000000004 18.74V25.0H47.2ZM42.1 18.0C40.56 18.0 39.400000000000006 16.8 39.400000000000006 15.0C39.400000000000006 13.2 40.56 12.0 42.1 12.0C43.64 12.0 44.800000000000004 13.2 44.800000000000004 15.0C44.800000000000004 16.8 43.64 18.0 42.1 18.0Z", "M56.400000000000006 20.0H58.80000000000001V10.0H56.400000000000006V15.5C56.400000000000006 17.18 55.62000000000001 18.1 54.36000000000001 18.1C53.08000000000001 18.1 52.30000000000001 17.18 52.30000000000001 15.5V10.0H49.900000000000006V15.98C49.900000000000006 18.8 51.48000000000001 20.2 53.58000000000001 20.2C54.78000000000001 20.2 55.80000000000001 19.62 56.400000000000006 18.58Z", "M62.80000000000001 8.0C63.68000000000001 8.0 64.30000000000001 7.34 64.30000000000001 6.5C64.30000000000001 5.640000000000001 63.68000000000001 5.0 62.80000000000001 5.0C61.94000000000001 5.0 61.30000000000001 5.640000000000001 61.30000000000001 6.5C61.30000000000001 7.34 61.94000000000001 8.0 62.80000000000001 8.0ZM64.00000000000001 20.0V10.0H61.60000000000001V20.0Z", "M73.60000000000001 13.98H76.12C75.88000000000001 11.48 73.82000000000001 9.799999999999999 71.12 9.799999999999999C68.24000000000001 9.799999999999999 66.10000000000001 11.94 66.10000000000001 15.0C66.10000000000001 18.06 68.24000000000001 20.2 71.12 20.2C73.9 20.2 76.02000000000001 18.44 76.14 15.8H73.66000000000001C73.46000000000001 17.259999999999998 72.38000000000001 18.0 71.12 18.0C69.62 18.0 68.5 16.8 68.5 15.0C68.5 13.2 69.62 12.0 71.12 12.0C72.38000000000001 12.0 73.44000000000001 12.66 73.60000000000001 13.98Z", "M84.94 20.0H87.94L83.28 14.54L87.68 10.0H84.52000000000001L80.64 14.36V5.0H78.24000000000001V20.0H80.64V14.74Z", "M104.33999999999999 15.0C104.33999999999999 11.94 102.28 9.799999999999999 99.53999999999999 9.799999999999999C98.33999999999999 9.799999999999999 97.3 10.34 96.53999999999999 11.26V5.0H94.14V20.0H96.53999999999999V18.74C97.3 19.66 98.33999999999999 20.2 99.53999999999999 20.2C102.28 20.2 104.33999999999999 18.06 104.33999999999999 15.0ZM99.24 12.0C100.78 12.0 101.94 13.2 101.94 15.0C101.94 16.8 100.78 18.0 99.24 18.0C97.69999999999999 18.0 96.53999999999999 16.8 96.53999999999999 15.0C96.53999999999999 13.2 97.69999999999999 12.0 99.24 12.0Z", "M108.83999999999999 14.899999999999999C108.83999999999999 13.219999999999999 109.88 12.3 111.66 12.3C112.05999999999999 12.3 112.41999999999999 12.36 112.69999999999999 12.46V9.84C112.58 9.799999999999999 112.38 9.799999999999999 112.19999999999999 9.799999999999999C110.74 9.799999999999999 109.55999999999999 10.44 108.83999999999999 11.62V10.0H106.44V20.0H108.83999999999999Z", "M118.89999999999999 20.2C121.82 20.2 124.0 18.06 124.0 15.0C124.0 11.94 121.82 9.799999999999999 118.89999999999999 9.799999999999999C115.97999999999999 9.799999999999999 113.8 11.94 113.8 15.0C113.8 18.06 115.97999999999999 20.2 118.89999999999999 20.2ZM118.89999999999999 18.0C117.36 18.0 116.19999999999999 16.8 116.19999999999999 15.0C116.19999999999999 13.2 117.36 12.0 118.89999999999999 12.0C120.44 12.0 121.6 13.2 121.6 15.0C121.6 16.8 120.44 18.0 118.89999999999999 18.0Z", "M139.7 10.0H137.39999999999998L135.64 17.759999999999998L133.88 10.0H130.82L129.06 17.759999999999998L127.29999999999998 10.0H124.99999999999999L127.49999999999999 20.0H130.56L132.35999999999999 12.219999999999999L134.14 20.0H137.2Z", "M143.8 14.5C143.8 12.82 144.6 11.9 145.9 11.9C147.2 11.9 148.0 12.82 148.0 14.5V20.0H150.4V14.02C150.4 11.2 148.8 9.799999999999999 146.68 9.799999999999999C145.44 9.799999999999999 144.42 10.379999999999999 143.8 11.44V10.0H141.4V20.0H143.8Z", "M160.7 8.56C160.7 7.539999999999999 161.33999999999997 7.0 162.38 7.0C162.77999999999997 7.0 163.17999999999998 7.0600000000000005 163.49999999999997 7.16V4.959999999999999C163.16 4.859999999999999 162.66 4.799999999999999 162.16 4.799999999999999C159.95999999999998 4.799999999999999 158.29999999999998 6.18 158.29999999999998 8.5V10.0H156.7V12.1H158.29999999999998V20.0H160.7V12.1H163.29999999999998V10.0H160.7Z", "M169.7 20.2C172.61999999999998 20.2 174.79999999999998 18.06 174.79999999999998 15.0C174.79999999999998 11.94 172.61999999999998 9.799999999999999 169.7 9.799999999999999C166.77999999999997 9.799999999999999 164.59999999999997 11.94 164.59999999999997 15.0C164.59999999999997 18.06 166.77999999999997 20.2 169.7 20.2ZM169.7 18.0C168.15999999999997 18.0 166.99999999999997 16.8 166.99999999999997 15.0C166.99999999999997 13.2 168.15999999999997 12.0 169.7 12.0C171.23999999999998 12.0 172.39999999999998 13.2 172.39999999999998 15.0C172.39999999999998 16.8 171.23999999999998 18.0 169.7 18.0Z", "M183.09999999999997 20.0H185.89999999999998L182.11999999999998 14.899999999999999L185.69999999999996 10.0H182.89999999999998L180.79999999999998 13.1L178.49999999999997 10.0H175.69999999999996L179.27999999999997 14.84L175.49999999999997 20.0H178.29999999999998L180.57999999999998 16.6Z", "M193.09999999999997 8.0C193.97999999999996 8.0 194.59999999999997 7.34 194.59999999999997 6.5C194.59999999999997 5.640000000000001 193.97999999999996 5.0 193.09999999999997 5.0C192.23999999999998 5.0 191.59999999999997 5.640000000000001 191.59999999999997 6.5C191.59999999999997 7.34 192.23999999999998 8.0 193.09999999999997 8.0ZM191.89999999999998 21.44C191.89999999999998 22.52 191.33999999999997 22.8 190.41999999999996 22.8C190.17999999999998 22.8 189.91999999999996 22.78 189.69999999999996 22.740000000000002V24.92C189.85999999999999 24.96 190.33999999999997 25.0 190.73999999999998 25.0C192.79999999999998 25.0 194.29999999999998 24.1 194.29999999999998 21.5V10.0H191.89999999999998Z", "M203.49999999999997 20.0H205.89999999999995V10.0H203.49999999999997V15.5C203.49999999999997 17.18 202.71999999999997 18.1 201.45999999999995 18.1C200.17999999999995 18.1 199.39999999999995 17.18 199.39999999999995 15.5V10.0H196.99999999999997V15.98C196.99999999999997 18.8 198.57999999999996 20.2 200.67999999999995 20.2C201.87999999999997 20.2 202.89999999999995 19.62 203.49999999999997 18.58Z", "M211.09999999999997 14.3C211.09999999999997 12.74 211.81999999999996 11.9 212.99999999999994 11.9C214.17999999999995 11.9 214.89999999999995 12.74 214.89999999999995 14.3V20.0H217.29999999999995V14.3C217.29999999999995 12.74 218.01999999999995 11.9 219.19999999999996 11.9C220.37999999999997 11.9 221.09999999999997 12.74 221.09999999999997 14.3V20.0H223.49999999999994V13.82C223.49999999999994 11.14 221.99999999999994 9.799999999999999 219.97999999999996 9.799999999999999C218.59999999999997 9.799999999999999 217.45999999999995 10.459999999999999 216.85999999999996 11.64C216.27999999999994 10.42 