{"width": 183.99999999999997, "height": 20, "dataStrings": ["M2.24 20.0H3.42V13.84H9.700000000000001V12.780000000000001H3.42V6.84H10.14V5.859999999999999H2.24Z", "M17.3 20.24C18.740000000000002 20.24 19.86 19.98 20.58 19.66L20.36 18.7C19.52 19.02 18.58 19.22 17.78 19.22C15.36 19.22 13.56 18.6 13.48 14.64H20.72V14.24C20.72 10.54 19.46 8.799999999999999 16.96 8.799999999999999C14.36 8.799999999999999 12.34 10.56 12.34 14.74C12.34 18.88 14.24 20.24 17.3 20.24ZM13.48 13.719999999999999C13.7 11.02 15.0 9.74 16.78 9.74C18.68 9.74 19.54 11.28 19.54 13.719999999999999Z", "M27.48 20.22C28.619999999999997 20.22 29.7 19.52 30.36 18.88V20.0H31.46V4.92H30.36V9.12C29.48 8.86 29.119999999999997 8.799999999999999 28.0 8.799999999999999C25.3 8.799999999999999 23.02 10.799999999999999 23.02 14.64C23.02 19.5 25.58 20.22 27.48 20.22ZM27.48 19.24C25.48 19.24 24.16 17.8 24.16 14.7C24.16 12.3 25.18 9.74 27.98 9.74C29.18 9.74 29.8 9.94 30.36 10.14V17.8C29.96 18.22 28.68 19.24 27.48 19.24Z", "M35.02 20.0H36.120000000000005V11.8C36.660000000000004 10.9 37.660000000000004 9.84 39.08 9.84C39.72 9.84 40.06 9.92 40.32 9.98L40.54 9.02C40.42 8.98 39.980000000000004 8.84 39.32 8.84C37.72 8.84 36.6 9.68 36.120000000000005 10.54V9.08H35.02Z", "M44.660000000000004 20.18C46.660000000000004 20.18 47.74 19.28 48.480000000000004 18.68C48.56 19.68 49.5 20.12 50.28 20.12C50.46 20.12 50.64 20.1 50.7 20.08L50.74 19.2C50.24 19.2 49.5 19.0 49.5 18.06V11.7C49.5 9.64 48.02 8.799999999999999 45.84 8.799999999999999C44.46 8.799999999999999 43.28 9.1 42.56 9.42L42.84 10.34C43.6 10.04 44.6 9.799999999999999 45.52 9.799999999999999C47.620000000000005 9.799999999999999 48.42 10.26 48.42 12.2V13.780000000000001L45.64 13.84C43.96 13.879999999999999 41.58 14.48 41.58 17.12C41.58 19.08 42.84 20.18 44.660000000000004 20.18ZM45.0 19.24C43.64 19.24 42.660000000000004 18.66 42.660000000000004 16.98C42.660000000000004 15.8 43.64 14.86 45.54 14.780000000000001L48.42 14.66V17.8C47.58 18.48 46.34 19.24 45.0 19.24Z", "M61.7 20.24C64.38 20.24 66.48 18.98 66.48 16.38C66.48 11.86 59.42 12.46 59.42 8.94C59.42 7.34 60.74 6.66 62.300000000000004 6.66C63.34 6.66 64.26 6.9 65.14 7.32L65.5 6.359999999999999C64.7 5.959999999999999 63.72 5.66 62.28 5.66C60.080000000000005 5.66 58.28 6.84 58.28 9.02C58.28 13.6 65.3 12.64 65.3 16.5C65.3 18.58 63.28 19.16 61.74 19.16C60.46 19.16 59.36 18.78 58.38 18.26L57.980000000000004 19.3C58.74 19.78 60.1 20.24 61.7 20.24Z", "M71.5 20.18C73.5 20.18 74.58 19.28 75.32000000000001 18.68C75.4 19.68 76.34 20.12 77.12 20.12C77.30000000000001 20.12 77.48 20.1 77.54 20.08L77.58 19.2C77.08 19.2 76.34 19.0 76.34 18.06V11.7C76.34 9.64 74.86 8.799999999999999 72.68 8.799999999999999C71.30000000000001 8.799999999999999 70.12 9.1 69.4 9.42L69.68 10.34C70.44 10.04 71.44 9.799999999999999 72.36 9.799999999999999C74.46000000000001 9.799999999999999 75.26 10.26 75.26 12.2V13.780000000000001L72.48 13.84C70.80000000000001 13.879999999999999 68.42 14.48 68.42 17.12C68.42 19.08 69.68 20.18 71.5 20.18ZM71.84 19.24C70.48 19.24 69.5 18.66 69.5 16.98C69.5 15.8 70.48 14.86 72.38000000000001 14.780000000000001L75.26 14.66V17.8C74.42 18.48 73.18 19.24 71.84 19.24Z", "M80.08000000000001 20.0H81.18V11.36C82.18 10.62 83.50000000000001 9.799999999999999 84.84000000000002 9.799999999999999C87.08000000000001 9.799999999999999 87.32000000000001 11.22 87.32000000000001 13.219999999999999V20.0H88.38000000000001V12.899999999999999C88.38000000000001 11.18 88.22000000000001 8.799999999999999 85.06000000000002 8.799999999999999C83.42000000000002 8.799999999999999 82.28000000000002 9.54 81.18 10.36V9.08H80.08000000000001Z", "M93.92000000000002 20.24C95.70000000000002 20.24 97.82000000000002 19.42 97.82000000000002 17.18C97.82000000000002 13.66 92.36000000000001 14.46 92.36000000000001 11.6C92.36000000000001 10.58 93.14000000000001 9.76 94.58000000000001 9.76C95.46000000000002 9.76 96.24000000000001 9.92 96.96000000000002 10.24L97.26000000000002 9.299999999999999C96.52000000000001 8.98 95.66000000000001 8.799999999999999 94.56000000000002 8.799999999999999C92.88000000000001 8.799999999999999 91.30000000000001 9.92 91.30000000000001 11.68C91.30000000000001 15.379999999999999 96.80000000000001 14.46 96.80000000000001 17.34C96.80000000000001 18.56 95.62000000000002 19.26 93.92000000000002 19.26C93.02000000000001 19.26 91.96000000000002 19.0 91.18000000000002 18.74L90.94000000000001 19.76C91.70000000000002 20.0 92.76000000000002 20.24 93.92000000000002 20.24Z", "M108.96000000000001 20.24C111.64000000000001 20.24 113.74000000000001 18.98 113.74000000000001 16.38C113.74000000000001 11.86 106.68000000000002 12.46 106.68000000000002 8.94C106.68000000000002 7.34 108.00000000000001 6.66 109.56000000000002 6.66C110.60000000000001 6.66 111.52000000000001 6.9 112.40000000000002 7.32L112.76000000000002 6.359999999999999C111.96000000000001 5.959999999999999 110.98000000000002 5.66 109.54000000000002 5.66C107.34000000000002 5.66 105.54000000000002 6.84 105.54000000000002 9.02C105.54000000000002 13.6 112.56000000000002 12.64 112.56000000000002 16.5C112.56000000000002 18.58 110.54000000000002 19.16 109.00000000000001 19.16C107.72000000000001 19.16 106.62000000000002 18.78 105.64000000000001 18.26L105.24000000000001 19.3C106.00000000000001 19.78 107.36000000000001 20.24 108.96000000000001 20.24Z", "M120.00000000000001 20.24C120.66000000000001 20.24 121.62 20.04 122.08000000000001 19.86L121.82000000000001 18.9C121.44000000000001 19.06 120.68 19.22 120.10000000000001 19.22C118.74000000000001 19.22 117.94000000000001 18.78 117.94000000000001 17.04V10.12H121.36000000000001V9.08H117.92000000000002V6.84H116.86000000000001V9.08H115.26V10.12H116.86000000000001V17.06C116.86000000000001 19.6 118.08000000000001 20.24 120.00000000000001 20.24Z", "M127.86000000000001 20.22C129.0 20.22 130.08 19.52 130.74 18.88V20.0H131.84V4.92H130.74V9.12C129.86 8.86 129.5 8.799999999999999 128.38 8.799999999999999C125.68 8.799999999999999 123.4 10.799999999999999 123.4 14.64C123.4 19.5 125.96000000000001 20.22 127.86000000000001 20.22ZM127.86000000000001 19.24C125.86000000000001 19.24 124.54 17.8 124.54 14.7C124.54 12.3 125.56 9.74 128.36 9.74C129.56 9.74 130.18 9.94 130.74 10.14V17.8C130.34 18.22 129.06 19.24 127.86000000000001 19.24Z", "M141.28 20.0H148.6V18.92H142.45999999999998V5.859999999999999H141.28Z", "M150.51999999999998 20.0H151.65999999999997V9.08H150.51999999999998ZM151.05999999999997 6.799999999999999 152.15999999999997 5.699999999999999 151.05999999999997 4.619999999999999 149.99999999999997 5.699999999999999Z", "M158.77999999999997 24.6C161.41999999999996 24.6 162.99999999999997 23.32 162.99999999999997 20.8V9.24C162.03999999999996 9.0 160.91999999999996 8.799999999999999 159.57999999999998 8.799999999999999C156.85999999999996 8.799999999999999 154.61999999999998 10.62 154.61999999999998 14.58C154.61999999999998 19.42 157.03999999999996 20.16 159.23999999999998 20.16C160.41999999999996 20.16 161.21999999999997 19.76 161.91999999999996 19.12V20.46C161.91999999999996 23.06 160.49999999999997 23.58 158.57999999999996 23.58C157.69999999999996 23.58 156.33999999999997 23.22 155.73999999999998 22.98L155.47999999999996 24.02C156.21999999999997 24.36 157.35999999999996 24.6 158.77999999999997 24.6ZM159.31999999999996 19.18C156.91999999999996 19.18 155.71999999999997 17.86 155.71999999999997 14.64C155.71999999999997 12.0 156.71999999999997 9.82 159.55999999999997 9.82C160.71999999999997 9.82 161.29999999999998 9.98 161.89999999999998 10.14V18.0C161.47999999999996 18.4 160.57999999999998 19.18 159.31999999999996 19.18Z", "M166.53999999999996 20.0H167.63999999999996V11.36C168.43999999999997 10.799999999999999 169.95999999999995 9.82 171.29999999999995 9.82C173.53999999999996 9.82 173.77999999999997 11.22 173.77999999999997 13.219999999999999V20.0H174.79999999999995V12.899999999999999C174.79999999999995 11.18 174.67999999999995 8.82 171.51999999999995 8.82C169.77999999999997 8.82 168.41999999999996 9.799999999999999 167.63999999999996 10.36V4.92H166.53999999999996Z", 