{"width": 243.0, "height": 20, "dataStrings": ["M7.58 20.24C9.42 20.24 11.040000000000001 19.84 12.120000000000001 19.38V12.66H7.16V14.620000000000001H9.74V17.86C9.22 18.06 8.38 18.22 7.58 18.22C4.24 18.22 3.56 16.22 3.56 13.44V11.959999999999999C3.56 9.459999999999999 4.44 7.4399999999999995 7.66 7.4399999999999995C9.620000000000001 7.4399999999999995 10.700000000000001 7.9 11.540000000000001 8.24V6.18C10.700000000000001 5.76 9.5 5.34 7.58 5.34C4.08 5.34 0.98 6.959999999999999 0.98 12.26V13.5C0.98 18.36 3.5 20.24 7.58 20.24Z", "M17.86 20.2C19.18 20.2 20.16 19.62 21.060000000000002 18.84H21.16L21.36 20.0H23.42V9.18H21.02V17.54C20.38 17.88 19.66 18.24 18.759999999999998 18.24C17.5 18.24 17.14 17.74 17.14 16.56V9.18H14.74V17.04C14.74 19.16 15.82 20.2 17.86 20.2Z", "M28.540000000000003 20.2C29.880000000000003 20.2 30.680000000000003 19.62 31.180000000000003 18.92H31.300000000000004L31.500000000000004 20.0H33.480000000000004V12.219999999999999C33.480000000000004 9.94 32.1 8.98 29.680000000000003 8.98C28.300000000000004 8.98 27.140000000000004 9.18 26.160000000000004 9.58V11.32C26.800000000000004 11.18 27.720000000000002 11.02 28.740000000000002 11.02C30.520000000000003 11.02 31.080000000000002 11.379999999999999 31.080000000000002 12.76V13.58L28.680000000000003 13.899999999999999C26.580000000000002 14.16 25.340000000000003 15.1 25.340000000000003 17.1C25.340000000000003 19.2 26.640000000000004 20.2 28.540000000000003 20.2ZM29.28 18.46C28.340000000000003 18.46 27.740000000000002 18.02 27.740000000000002 16.98C27.740000000000002 15.94 28.200000000000003 15.379999999999999 29.220000000000002 15.280000000000001L31.080000000000002 15.1V17.84C30.680000000000003 18.2 30.020000000000003 18.46 29.28 18.46Z", "M35.9 20.0H38.3V11.98C38.96 11.56 40.0 11.24 40.94 11.24C41.18 11.24 41.56 11.28 41.78 11.32V9.12C41.7 9.06 41.44 9.02 41.14 9.02C40.04 9.02 38.86 9.76 38.32 10.66H38.199999999999996V9.18H35.9Z", "M47.04 20.2C48.36 20.2 49.339999999999996 19.7 50.0 18.92H50.099999999999994L50.3 20.0H52.36V4.619999999999999H49.96V9.799999999999999C49.48 9.379999999999999 48.68 8.98 47.46 8.98C44.739999999999995 8.98 42.839999999999996 10.379999999999999 42.839999999999996 14.3V15.16C42.839999999999996 19.0 44.94 20.2 47.04 20.2ZM47.839999999999996 18.32C46.239999999999995 18.32 45.32 17.64 45.32 15.08V14.04C45.32 11.52 46.26 10.879999999999999 47.9 10.879999999999999C48.78 10.879999999999999 49.58 11.12 49.96 11.42V17.54C49.56 17.9 48.8 18.32 47.839999999999996 18.32Z", "M54.9 20.0H57.3V9.18H54.9ZM54.86 7.26H57.34V4.959999999999999H54.86Z", "M62.400000000000006 20.2C63.74 20.2 64.54 19.62 65.04 18.92H65.16L65.36 20.0H67.34V12.219999999999999C67.34 9.94 65.96000000000001 8.98 63.540000000000006 8.98C62.160000000000004 8.98 61.0 9.18 60.02 9.58V11.32C60.660000000000004 11.18 61.580000000000005 11.02 62.6 11.02C64.38 11.02 64.94 11.379999999999999 64.94 12.76V13.58L62.54 13.899999999999999C60.440000000000005 14.16 59.2 15.1 59.2 17.1C59.2 19.2 60.5 20.2 62.400000000000006 20.2ZM63.14 18.46C62.2 18.46 61.6 18.02 61.6 16.98C61.6 15.94 62.06 15.379999999999999 63.080000000000005 15.280000000000001L64.94 15.1V17.84C64.54 18.2 63.88 18.46 63.14 18.46Z", "M69.86 20.0H72.26V11.62C72.88 11.299999999999999 73.78 11.04 74.56 11.04C75.94 11.04 76.28 11.48 76.28 12.559999999999999V20.0H78.67999999999999V11.959999999999999C78.67999999999999 9.86 77.67999999999999 8.98 75.67999999999999 8.98C74.38 8.98 73.12 9.54 72.28 10.34H72.17999999999999V9.18H69.86Z", "M89.42 20.0H91.88000000000001V7.619999999999999H95.84V5.58H85.50000000000001V7.619999999999999H89.42Z", "M102.24000000000001 20.2C104.06 20.2 105.22000000000001 19.66 105.94000000000001 19.2V17.46C105.02000000000001 17.9 104.12 18.22 102.72000000000001 18.22C100.66000000000001 18.22 99.64000000000001 17.7 99.58000000000001 15.3H106.28000000000002V13.96C106.28000000000002 10.6 104.98 8.98 101.84 8.98C99.14000000000001 8.98 97.10000000000001 10.6 97.10000000000001 14.120000000000001V15.1C97.10000000000001 18.42 98.74000000000001 20.2 102.24000000000001 20.2ZM101.82000000000001 10.78C103.16000000000001 10.78 103.88000000000001 11.44 103.88000000000001 13.6H99.56000000000002C99.62 11.26 100.72000000000001 10.78 101.82000000000001 10.78Z", "M107.18 20.0H109.68L110.78 18.02C111.38000000000001 16.96 111.88000000000001 15.48 111.88000000000001 15.48H111.96000000000001C111.96000000000001 15.48 112.50000000000001 16.96 113.06 18.02L114.12 20.0H116.80000000000001L113.58000000000001 14.42L116.54 9.18H114.08000000000001L113.18 11.02C112.56 12.280000000000001 112.22000000000001 13.620000000000001 112.22000000000001 13.620000000000001H112.14000000000001C112.14000000000001 13.620000000000001 111.74000000000001 12.280000000000001 111.06 11.02L110.06 9.18H107.36000000000001L110.44000000000001 14.46Z", "M122.16000000000001 20.14C123.2 20.14 124.08000000000001 19.86 124.52000000000001 19.58V17.94C124.14000000000001 18.1 123.38000000000001 18.22 122.94000000000001 18.22C121.92000000000002 18.22 121.60000000000001 17.94 121.60000000000001 17.0V11.08H124.38000000000001V9.18H121.60000000000001V6.5600000000000005H119.2V9.18H117.42V11.08H119.2V17.38C119.2 19.46 120.36000000000001 20.14 122.16000000000001 20.14Z", "M129.86 20.28C133.24 20.28 134.84 18.56 134.84 15.86C134.84 13.32 133.52 12.46 131.46 11.76L129.86 11.22C128.58 10.78 128.20000000000002 10.32 128.20000000000002 9.2C128.20000000000002 8.04 129.02 7.42 130.52 7.42C132.04000000000002 7.42 133.18 7.76 134.04000000000002 8.14V6.1C133.26000000000002 5.719999999999999 132.28 5.34 130.46 5.34C127.32000000000001 5.34 125.80000000000001 7.039999999999999 125.80000000000001 9.4C125.80000000000001 11.78 126.88000000000001 12.76 128.8 13.399999999999999L130.4 13.94C131.84 14.42 132.36 14.879999999999999 132.36 16.08C132.36 17.4 131.54000000000002 18.2 129.66000000000003 18.2C128.16000000000003 18.2 126.84000000000002 17.82 125.70000000000002 17.3V19.34C126.66000000000001 19.88 128.04000000000002 20.28 129.86 20.28Z", "M139.48000000000002 20.2C140.82000000000002 20.2 141.62 19.62 142.12 18.92H142.24L142.44000000000003 20.0H144.42000000000002V12.219999999999999C144.42000000000002 9.94 143.04000000000002 8.98 140.62 8.98C139.24 8.98 138.08 9.18 137.10000000000002 9.58V11.32C137.74 11.18 138.66000000000003 11.02 139.68 11.02C141.46 11.02 142.02 11.379999999999999 142.02 12.76V13.58L139.62 13.899999999999999C137.52 14.16 136.28 15.1 136.28 17.1C136.28 19.2 137.58 20.2 139.48000000000002 20.2ZM140.22000000000003 18.46C139.28 18.46 138.68 18.02 138.68 16.98C138.68 15.94 139.14000000000001 15.379999999999999 140.16000000000003 15.280000000000001L142.02 15.1V17.84C141.62 18.2 140.96 18.46 140.22000000000003 18.46Z", "M146.94000000000003 20.0H149.34000000000003V11.62C149.96000000000004 11.299999999999999 150.86 11.04 151.64000000000001 11.04C153.02000000000004 11.04 153.36 11.48 153.36 12.559999999999999V20.0H155.76000000000002V11.959999999999999C155.76000000000002 9.86 154.76000000000002 8.98 152.76000000000002 8.98C151.46000000000004 8.98 150.20000000000002 9.54 149.36 10.34H149.26000000000002V9.18H146.94000000000003Z", "M161.16000000000003 20.18C163.78000000000003 20.18 165.22000000000003 19.04 165.22000000000003 16.82C165.22000000000003 14.92 164.50000000000003 14.08 162.44000000000003 13.6L161.26000000000002 13.32C160.32000000000002 13.1 159.98000000000002 12.8 159.98000000000002 12.08C159.98000000000002 11.32 160.60000000000002 10.92 161.82000000000002 10.92C163.02000000000004 10.92 164.04000000000002 11.2 164.66000000000003 11.459999999999999V9.58C163.96000000000004 9.24 163.04000000000002 8.98 161.60000000000002 8.98C158.94000000000003 8.98 157.70000000000002 10.26 157.70000000000002 12.26C157.70000000000002 14.2 158.70000000000002 15.02 160.30000000000004 15.399999999999999L161.48000000000002 15.68C162.66000000000003 15.96 162.86000000000004 16.3 162.86000000000004 17.02C162.86000000000004 17.8 162.28000000000003 18.22 160.84000000000003 18.22C159.34000000000003 18.22 158.58000000000004 17.92 157.68000000000004 