{"width": 288.98, "height": 20, "dataStrings": ["M11.48 12.76V20.0H11.88V5.719999999999999H11.48V12.36H1.48V5.719999999999999H1.08V20.0H1.48V12.76Z", "M13.860000000000001 14.54C14.0 11.66 15.780000000000001 9.879999999999999 18.0 9.879999999999999C20.66 9.879999999999999 22.080000000000002 12.02 22.060000000000002 14.54ZM22.46 14.94C22.580000000000002 12.120000000000001 21.16 9.48 17.96 9.48C15.64 9.48 13.46 11.44 13.46 14.86C13.46 17.92 14.780000000000001 20.28 17.96 20.24C20.3 20.24 22.060000000000002 18.8 22.340000000000003 16.44H21.94C21.6 18.66 20.04 19.84 17.92 19.84C15.0 19.84 13.9 17.7 13.860000000000001 14.94Z", "M24.060000000000002 20.0H24.46V5.719999999999999H24.060000000000002Z", "M29.82 19.6H29.78L25.8 9.72H25.320000000000004L29.560000000000002 20.0H30.060000000000002L33.940000000000005 9.72H33.5Z", "M34.6 14.54C34.74 11.66 36.52 9.879999999999999 38.74 9.879999999999999C41.400000000000006 9.879999999999999 42.82000000000001 12.02 42.800000000000004 14.54ZM43.2 14.94C43.32000000000001 12.120000000000001 41.900000000000006 9.48 38.7 9.48C36.38 9.48 34.2 11.44 34.2 14.86C34.2 17.92 35.52 20.28 38.7 20.24C41.040000000000006 20.24 42.800000000000004 18.8 43.080000000000005 16.44H42.68000000000001C42.34 18.66 40.78 19.84 38.660000000000004 19.84C35.74 19.84 34.64 17.7 34.6 14.94Z", "M48.220000000000006 10.12V9.72H45.900000000000006V6.48H45.5V9.72H43.6V10.12H45.5V18.08C45.5 19.54 46.24 20.0 47.18 20.0C47.800000000000004 20.0 47.92 19.96 48.160000000000004 19.94V19.54C48.040000000000006 19.58 47.68 19.6 47.28 19.6C46.660000000000004 19.6 45.900000000000006 19.54 45.900000000000006 18.0V10.12Z", "M50.02 9.72H49.620000000000005V20.0H50.02ZM50.02 5.719999999999999H49.620000000000005V7.74H50.02Z", "M60.10000000000001 16.5C59.940000000000005 18.56 58.32000000000001 19.84 56.300000000000004 19.84C53.580000000000005 19.84 52.14000000000001 17.6 52.14000000000001 15.08C52.14000000000001 12.66 53.260000000000005 9.879999999999999 56.540000000000006 9.879999999999999C58.24 9.879999999999999 59.7 10.84 60.02 12.84H60.42C60.160000000000004 10.66 58.46000000000001 9.48 56.540000000000006 9.48C53.24 9.48 51.74 12.1 51.74 15.08C51.74 17.88 53.38 20.24 56.300000000000004 20.24C58.620000000000005 20.24 60.28 18.8 60.50000000000001 16.5Z", "M69.12 15.86C69.12 17.88 67.64 19.84 64.96000000000001 19.84C62.720000000000006 19.84 61.96000000000001 18.64 61.96000000000001 17.46C61.96000000000001 15.26 63.480000000000004 14.899999999999999 65.10000000000001 14.780000000000001C66.76 14.66 68.54 14.74 69.08 13.96H69.12ZM62.6 12.899999999999999C62.74 10.98 63.980000000000004 9.879999999999999 66.12 9.879999999999999C68.86 9.879999999999999 69.12 11.48 69.12 12.719999999999999C69.12 14.280000000000001 67.92 14.219999999999999 65.10000000000001 14.379999999999999C63.38 14.5 61.56 14.92 61.56 17.46C61.56 19.28 62.96000000000001 20.24 65.0 20.24C67.12 20.24 68.68 18.98 69.08 17.66H69.12V19.0C69.12 20.06 70.04 20.06 70.82000000000001 20.0V19.6C70.26 19.66 69.52000000000001 19.74 69.52000000000001 18.96V12.42C69.46000000000001 10.18 67.94 9.48 66.12 9.48C63.580000000000005 9.48 62.300000000000004 10.959999999999999 62.2 12.899999999999999Z", "M77.38000000000001 20.0H77.78000000000002V6.219999999999999H77.82000000000001L87.58000000000001 20.0H88.18V5.719999999999999H87.78000000000002V19.5H87.74000000000001L77.98000000000002 5.719999999999999H77.38000000000001Z", "M90.16000000000003 14.54C90.30000000000003 11.66 92.08000000000001 9.879999999999999 94.30000000000003 9.879999999999999C96.96000000000002 9.879999999999999 98.38000000000002 12.02 98.36000000000001 14.54ZM98.76000000000002 14.94C98.88000000000002 12.120000000000001 97.46000000000002 9.48 94.26000000000002 9.48C91.94000000000003 9.48 89.76000000000002 11.44 89.76000000000002 14.86C89.76000000000002 17.92 91.08000000000001 20.28 94.26000000000002 20.24C96.60000000000002 20.24 98.36000000000001 18.8 98.64000000000001 16.44H98.24000000000002C97.90000000000002 18.66 96.34000000000002 19.84 94.22000000000001 19.84C91.30000000000003 19.84 90.20000000000002 17.7 90.16000000000003 14.94Z", "M108.16000000000003 9.72H107.76000000000002V15.54C107.76000000000002 17.82 106.48000000000002 19.84 104.02000000000002 19.84C102.28000000000002 19.84 100.76000000000002 18.86 100.76000000000002 16.48V9.72H100.36000000000001V16.54C100.36000000000001 18.92 101.88000000000002 20.24 104.02000000000002 20.24C106.04000000000002 20.24 107.34000000000002 19.04 107.72000000000003 17.46H107.76000000000002V20.0H108.16000000000003Z", "M110.16000000000003 14.54C110.30000000000003 11.66 112.08000000000001 9.879999999999999 114.30000000000003 9.879999999999999C116.96000000000002 9.879999999999999 118.38000000000002 12.02 118.36000000000001 14.54ZM118.76000000000002 14.94C118.88000000000002 12.120000000000001 117.46000000000002 9.48 114.26000000000002 9.48C111.94000000000003 9.48 109.76000000000002 11.44 109.76000000000002 14.86C109.76000000000002 17.92 111.08000000000001 20.28 114.26000000000002 20.24C116.60000000000002 20.24 118.36000000000001 18.8 118.64000000000001 16.44H118.24000000000002C117.90000000000002 18.66 116.34000000000002 19.84 114.22000000000001 19.84C111.30000000000003 19.84 110.20000000000002 17.7 110.16000000000003 14.94Z", "M126.30000000000003 19.6V5.719999999999999H125.90000000000002V20.0H134.64000000000001V19.6Z", "M139.24000000000004 6.119999999999999V20.0H139.64000000000001V6.119999999999999H144.78000000000003V5.719999999999999H134.10000000000002V6.119999999999999Z", "M161.02000000000004 9.72C160.88000000000002 6.52 158.78000000000003 5.379999999999999 155.98000000000002 5.379999999999999C153.68000000000004 5.379999999999999 151.10000000000002 6.219999999999999 151.10000000000002 9.06C151.10000000000002 11.86 153.58000000000004 12.280000000000001 155.90000000000003 12.82C158.10000000000002 13.36 160.90000000000003 13.6 160.90000000000003 16.48C160.90000000000003 18.94 158.50000000000003 19.94 156.26000000000002 19.94C153.22000000000003 19.94 151.08000000000004 18.68 151.08000000000004 15.26H150.68000000000004C150.62000000000003 18.86 153.02000000000004 20.34 156.26000000000002 20.34C158.70000000000002 20.34 161.30000000000004 19.2 161.30000000000004 16.5C161.30000000000004 13.52 159.08000000000004 13.2 156.42000000000002 12.52C153.98000000000002 11.94 151.50000000000003 11.64 151.50000000000003 9.06C151.50000000000003 6.5 153.96000000000004 5.779999999999999 155.98000000000002 5.779999999999999C158.56000000000003 5.779999999999999 160.52000000000004 6.799999999999999 160.62000000000003 9.72Z", "M166.74000000000004 10.12V9.72H164.42000000000002V6.48H164.02000000000004V9.72H162.12000000000003V10.12H164.02000000000004V18.08C164.02000000000004 19.54 164.76000000000002 20.0 165.70000000000002 20.0C166.32000000000002 20.0 166.44000000000003 19.96 166.68000000000004 19.94V19.54C166.56000000000003 19.58 166.20000000000002 19.6 165.80000000000004 19.6C165.18000000000004 19.6 164.42000000000002 19.54 164.42000000000002 18.0V10.12Z", "M176.14000000000001 14.879999999999999C176.14000000000001 17.54 174.62000000000003 19.84 171.98000000000002 19.84C169.32000000000002 19.84 168.00000000000003 17.52 168.00000000000003 14.879999999999999C168.00000000000003 12.5 169.16000000000003 9.879999999999999 171.98000000000002 9.879999999999999C174.48000000000002 9.879999999999999 176.14000000000001 11.7 176.14000000000001 14.879999999999999ZM176.14000000000001 12.6H176.10000000000002C175.62000000000003 10.74 174.16000000000003 9.48 171.98000000000002 9.48C169.14000000000001 9.48 167.60000000000002 12.0 167.60000000000002 14.879999999999999C167.60000000000002 17.98 169.26000000000002 20.24 171.98000000000002 20.24C174.08 20.24 175.58 18.92 176.10000000000002 17.12H176.14000000000001V20.0H176.54000000000002V5.719999999999999H176.14000000000001Z", "M184.84000000000003 19.6C185.04000000000002 17.84 187.06000000000003 16.52 189.16000000000003 15.08C191.22000000000003 13.64 193.24000000000004 12.08 193.24000000000004 9.82C193.24000000000004 7.379999999999999 